<?xml version="1.0" encoding="UTF-8"?>
<gmap:graphic-map xmlns:gmap="http://dita4publishers/namespaces/graphic-input-to-output-map"
                  xmlns:xd="http://www.oxygenxml.com/ns/doc/xsl">
   <gmap:graphic-map-item input-url="file:/C:/DITA_sandbox/core.build.tools.docs/src/src/splash/PQaZqxVtln4?rel=0&amp;fs=1"
                          output-url="file:/C:/DITA_sandbox/obj/html5/output/PQaZqxVtln4?rel=0&amp;fs=1"
                          id="d495e1"/>
   <gmap:graphic-map-item input-url="file:/C:/DITA_sandbox/core.build.tools.docs/src/src/splash/GetStarted.png"
                          output-url="file:/C:/DITA_sandbox/obj/html5/output/GetStarted.png"
                          id="d495e2"/>
   <gmap:graphic-map-item input-url="file:/C:/DITA_sandbox/core.build.tools.docs/src/src/splash/Hka3_sWwHwI?rel=0&amp;fs=1"
                          output-url="file:/C:/DITA_sandbox/obj/html5/output/Hka3_sWwHwI?rel=0&amp;fs=1"
                          id="d495e3"/>
   <gmap:graphic-map-item input-url="file:/C:/DITA_sandbox/core.build.tools.docs/src/src/splash/Prototype.png"
                          output-url="file:/C:/DITA_sandbox/obj/html5/output/Prototype.png"
                          id="d495e4"/>
   <gmap:graphic-map-item input-url="file:/C:/DITA_sandbox/core.build.tools.docs/src/src/splash/Z8BMghLixvE?rel=0&amp;fs=1"
                          output-url="file:/C:/DITA_sandbox/obj/html5/output/Z8BMghLixvE?rel=0&amp;fs=1"
                          id="d495e5"/>
   <gmap:graphic-map-item input-url="file:/C:/DITA_sandbox/core.build.tools.docs/src/src/splash/CreatingUser.png"
                          output-url="file:/C:/DITA_sandbox/obj/html5/output/CreatingUser.png"
                          id="d495e6"/>
   <gmap:graphic-map-item input-url="file:/C:/DITA_sandbox/core.build.tools.docs/src/src/splash/vZHxsHzefz0?rel=0&amp;fs=1"
                          output-url="file:/C:/DITA_sandbox/obj/html5/output/vZHxsHzefz0?rel=0&amp;fs=1"
                          id="d495e7"/>
   <gmap:graphic-map-item input-url="file:/C:/DITA_sandbox/core.build.tools.docs/src/src/splash/DataModels.png"
                          output-url="file:/C:/DITA_sandbox/obj/html5/output/DataModels.png"
                          id="d495e8"/>
   <gmap:graphic-map-item input-url="file:/C:/DITA_sandbox/core.build.tools.docs/src/src/splash/RPrYT4zXa3U?rel=0&amp;fs=1"
                          output-url="file:/C:/DITA_sandbox/obj/html5/output/RPrYT4zXa3U?rel=0&amp;fs=1"
                          id="d495e9"/>
   <gmap:graphic-map-item input-url="file:/C:/DITA_sandbox/core.build.tools.docs/src/src/splash/UsingSmartTemplateBig.png"
                          output-url="file:/C:/DITA_sandbox/obj/html5/output/UsingSmartTemplateBig.png"
                          id="d495e10"/>
   <gmap:graphic-map-item input-url="file:/C:/DITA_sandbox/core.build.tools.docs/src/src/splash/7ae3d2308ad641eb812edb7fde4b133b.image"
                          output-url="file:/C:/DITA_sandbox/obj/html5/output/7ae3d2308ad641eb812edb7fde4b133b.image"
                          id="d495e11"/>
   <gmap:graphic-map-item input-url="file:/C:/DITA_sandbox/core.build.tools.docs/src/src/splash/8971baae3c0345559a11dc6f81f16348.image"
                          output-url="file:/C:/DITA_sandbox/obj/html5/output/8971baae3c0345559a11dc6f81f16348.image"
                          id="d495e13"/>
   <gmap:graphic-map-item input-url="file:/C:/DITA_sandbox/core.build.tools.docs/src/src/splash/4e9db078b04a4cd89ccd3580d378017a.image"
                          output-url="file:/C:/DITA_sandbox/obj/html5/output/4e9db078b04a4cd89ccd3580d378017a.image"
                          id="d495e14"/>
   <gmap:graphic-map-item input-url="file:/C:/DITA_sandbox/core.build.tools.docs/src/src/splash/e31235c5474d449983a46f40c70b80e1.image"
                          output-url="file:/C:/DITA_sandbox/obj/html5/output/e31235c5474d449983a46f40c70b80e1.image"
                          id="d495e15"/>
   <gmap:graphic-map-item input-url="file:/C:/DITA_sandbox/core.build.tools.docs/src/src/splash/9d51a9561e2b4475a5643134f005fc83.image"
                          output-url="file:/C:/DITA_sandbox/obj/html5/output/9d51a9561e2b4475a5643134f005fc83.image"
                          id="d495e16"/>
   <gmap:graphic-map-item input-url="file:/C:/DITA_sandbox/core.build.tools.docs/src/src/splash/5741bef7d5d347e7bb9fec9c3c0012b5.image"
                          output-url="file:/C:/DITA_sandbox/obj/html5/output/5741bef7d5d347e7bb9fec9c3c0012b5.image"
                          id="d495e17"/>
   <gmap:graphic-map-item input-url="file:/C:/DITA_sandbox/core.build.tools.docs/src/src/splash/2097f3c75b044c8692e7b9f9b61bbfe7.image"
                          output-url="file:/C:/DITA_sandbox/obj/html5/output/2097f3c75b044c8692e7b9f9b61bbfe7.image"
                          id="d495e18"/>
   <gmap:graphic-map-item input-url="file:/C:/DITA_sandbox/core.build.tools.docs/src/src/splash/60882ad0b7764e4a93964f755701ecd9.image"
                          output-url="file:/C:/DITA_sandbox/obj/html5/output/60882ad0b7764e4a93964f755701ecd9.image"
                          id="d495e19"/>
   <gmap:graphic-map-item input-url="file:/C:/DITA_sandbox/core.build.tools.docs/src/src/splash/e17ca7f530e54ddea30e4d780d7430f0.image"
                          output-url="file:/C:/DITA_sandbox/obj/html5/output/e17ca7f530e54ddea30e4d780d7430f0.image"
                          id="d495e20"/>
   <gmap:graphic-map-item input-url="file:/C:/DITA_sandbox/core.build.tools.docs/src/src/splash/d5a2947a8e694665bb772fc14cb94da0.image"
                          output-url="file:/C:/DITA_sandbox/obj/html5/output/d5a2947a8e694665bb772fc14cb94da0.image"
                          id="d495e21"/>
   <gmap:graphic-map-item input-url="file:/C:/DITA_sandbox/core.build.tools.docs/src/src/splash/d58e0beaae0f4037ac155d362e65415c.image"
                          output-url="file:/C:/DITA_sandbox/obj/html5/output/d58e0beaae0f4037ac155d362e65415c.image"
                          id="d495e22"/>
   <gmap:graphic-map-item input-url="file:/C:/DITA_sandbox/core.build.tools.docs/src/src/splash/c9a767f834f549e59a86470649a8256b.image"
                          output-url="file:/C:/DITA_sandbox/obj/html5/output/c9a767f834f549e59a86470649a8256b.image"
                          id="d495e23"/>
   <gmap:graphic-map-item input-url="file:/C:/DITA_sandbox/core.build.tools.docs/src/src/splash/748a9dc08a50415c86827b70f3c76cd8.image"
                          output-url="file:/C:/DITA_sandbox/obj/html5/output/748a9dc08a50415c86827b70f3c76cd8.image"
                          id="d495e25"/>
   <gmap:graphic-map-item input-url="file:/C:/DITA_sandbox/core.build.tools.docs/src/src/splash/dd09d42492684ef3a557b8dbbaa06ef6.image"
                          output-url="file:/C:/DITA_sandbox/obj/html5/output/dd09d42492684ef3a557b8dbbaa06ef6.image"
                          id="d495e26"/>
   <gmap:graphic-map-item input-url="file:/C:/DITA_sandbox/core.build.tools.docs/src/src/splash/8a427ffcb3f2474ab91fafdcf0a9ff27.image"
                          output-url="file:/C:/DITA_sandbox/obj/html5/output/8a427ffcb3f2474ab91fafdcf0a9ff27.image"
                          id="d495e27"/>
   <gmap:graphic-map-item input-url="file:/C:/DITA_sandbox/core.build.tools.docs/src/src/splash/207e7b7dcdb54b91bb43706526857504.image"
                          output-url="file:/C:/DITA_sandbox/obj/html5/output/207e7b7dcdb54b91bb43706526857504.image"
                          id="d495e28"/>
   <gmap:graphic-map-item input-url="file:/C:/DITA_sandbox/core.build.tools.docs/src/src/splash/0b93ff5192204fe2b87197bdd92594a8.image"
                          output-url="file:/C:/DITA_sandbox/obj/html5/output/0b93ff5192204fe2b87197bdd92594a8.image"
                          id="d495e29"/>
   <gmap:graphic-map-item input-url="file:/C:/DITA_sandbox/core.build.tools.docs/src/src/splash/4ff6d2daf8c742e39eb8c0d9797cb7e9.image"
                          output-url="file:/C:/DITA_sandbox/obj/html5/output/4ff6d2daf8c742e39eb8c0d9797cb7e9.image"
                          id="d495e30"/>
   <gmap:graphic-map-item input-url="file:/C:/DITA_sandbox/core.build.tools.docs/src/src/splash/631108d3d6df44b1b1eb07a4f20b5648.image"
                          output-url="file:/C:/DITA_sandbox/obj/html5/output/631108d3d6df44b1b1eb07a4f20b5648.image"
                          id="d495e31"/>
   <gmap:graphic-map-item input-url="file:/C:/DITA_sandbox/core.build.tools.docs/src/src/splash/e86c938a17954a058c0a6d2a503a7c9b.image"
                          output-url="file:/C:/DITA_sandbox/obj/html5/output/e86c938a17954a058c0a6d2a503a7c9b.image"
                          id="d495e32"/>
   <gmap:graphic-map-item input-url="file:/C:/DITA_sandbox/core.build.tools.docs/src/src/splash/ca9763b004124469b5665bf375b315ac.image"
                          output-url="file:/C:/DITA_sandbox/obj/html5/output/ca9763b004124469b5665bf375b315ac.image"
                          id="d495e33"/>
   <gmap:graphic-map-item input-url="file:/C:/DITA_sandbox/core.build.tools.docs/src/src/splash/2a1a47f3cb984ffa87af0e68d4d44d4d.image"
                          output-url="file:/C:/DITA_sandbox/obj/html5/output/2a1a47f3cb984ffa87af0e68d4d44d4d.image"
                          id="d495e34"/>
   <gmap:graphic-map-item input-url="file:/C:/DITA_sandbox/core.build.tools.docs/src/src/splash/56757eb933fb4a47bb6fe16d8b56a39c.image"
                          output-url="file:/C:/DITA_sandbox/obj/html5/output/56757eb933fb4a47bb6fe16d8b56a39c.image"
                          id="d495e35"/>
   <gmap:graphic-map-item input-url="file:/C:/DITA_sandbox/core.build.tools.docs/src/src/splash/1e4f1134996a4c7ba649c55b38ea8bd2.image"
                          output-url="file:/C:/DITA_sandbox/obj/html5/output/1e4f1134996a4c7ba649c55b38ea8bd2.image"
                          id="d495e37"/>
   <gmap:graphic-map-item input-url="file:/C:/DITA_sandbox/core.build.tools.docs/src/src/splash/e83df67e66d3463792e09ac6e8b20738.image"
                          output-url="file:/C:/DITA_sandbox/obj/html5/output/e83df67e66d3463792e09ac6e8b20738.image"
                          id="d495e38"/>
   <gmap:graphic-map-item input-url="file:/C:/DITA_sandbox/core.build.tools.docs/src/src/splash/4816b94f08374ee39ec40e8d70112107.image"
                          output-url="file:/C:/DITA_sandbox/obj/html5/output/4816b94f08374ee39ec40e8d70112107.image"
                          id="d495e39"/>
   <gmap:graphic-map-item input-url="file:/C:/DITA_sandbox/core.build.tools.docs/src/src/splash/2d08da2393104748856234be8f2568c3.image"
                          output-url="file:/C:/DITA_sandbox/obj/html5/output/2d08da2393104748856234be8f2568c3.image"
                          id="d495e40"/>
   <gmap:graphic-map-item input-url="file:/C:/DITA_sandbox/core.build.tools.docs/src/src/splash/9d9f1fcfcb9d4b439db74e2c3120ac34.image"
                          output-url="file:/C:/DITA_sandbox/obj/html5/output/9d9f1fcfcb9d4b439db74e2c3120ac34.image"
                          id="d495e41"/>
   <gmap:graphic-map-item input-url="file:/C:/DITA_sandbox/core.build.tools.docs/src/src/splash/d55e22c6481a4a528f01836cd3e67383.image"
                          output-url="file:/C:/DITA_sandbox/obj/html5/output/d55e22c6481a4a528f01836cd3e67383.image"
                          id="d495e42"/>
   <gmap:graphic-map-item input-url="file:/C:/DITA_sandbox/core.build.tools.docs/src/src/splash/810855e48d2f45339d90ad620bf773dd.image"
                          output-url="file:/C:/DITA_sandbox/obj/html5/output/810855e48d2f45339d90ad620bf773dd.image"
                          id="d495e43"/>
   <gmap:graphic-map-item input-url="file:/C:/DITA_sandbox/core.build.tools.docs/src/src/splash/a27423f643874b24b5cc8fbd87c57ccf.image"
                          output-url="file:/C:/DITA_sandbox/obj/html5/output/a27423f643874b24b5cc8fbd87c57ccf.image"
                          id="d495e44"/>
   <gmap:graphic-map-item input-url="file:/C:/DITA_sandbox/core.build.tools.docs/src/src/splash/796ed5c2dcca45da8d620d02059527ad.image"
                          output-url="file:/C:/DITA_sandbox/obj/html5/output/796ed5c2dcca45da8d620d02059527ad.image"
                          id="d495e45"/>
   <gmap:graphic-map-item input-url="file:/C:/DITA_sandbox/core.build.tools.docs/src/src/splash/75ce0c82bdf845668bfb278a77f087c4.image"
                          output-url="file:/C:/DITA_sandbox/obj/html5/output/75ce0c82bdf845668bfb278a77f087c4.image"
                          id="d495e46"/>
   <gmap:graphic-map-item input-url="file:/C:/DITA_sandbox/core.build.tools.docs/src/src/splash/46ab39ca3bcc435ba5cb36312b54e25f.image"
                          output-url="file:/C:/DITA_sandbox/obj/html5/output/46ab39ca3bcc435ba5cb36312b54e25f.image"
                          id="d495e47"/>
   <gmap:graphic-map-item input-url="file:/C:/DITA_sandbox/core.build.tools.docs/src/src/splash/83b69c25867243b09e7037e079d2b5d8.image"
                          output-url="file:/C:/DITA_sandbox/obj/html5/output/83b69c25867243b09e7037e079d2b5d8.image"
                          id="d495e49"/>
   <gmap:graphic-map-item input-url="file:/C:/DITA_sandbox/core.build.tools.docs/src/src/splash/08fbc8cba4bc4328933cd3956bab717f.image"
                          output-url="file:/C:/DITA_sandbox/obj/html5/output/08fbc8cba4bc4328933cd3956bab717f.image"
                          id="d495e50"/>
   <gmap:graphic-map-item input-url="file:/C:/DITA_sandbox/core.build.tools.docs/src/src/splash/c8d2b54d9b0e483c9908e97ec1469595.image"
                          output-url="file:/C:/DITA_sandbox/obj/html5/output/c8d2b54d9b0e483c9908e97ec1469595.image"
                          id="d495e51"/>
   <gmap:graphic-map-item input-url="file:/C:/DITA_sandbox/core.build.tools.docs/src/src/splash/0d7953ce74ef425ba0926e74a9f16637.image"
                          output-url="file:/C:/DITA_sandbox/obj/html5/output/0d7953ce74ef425ba0926e74a9f16637.image"
                          id="d495e52"/>
   <gmap:graphic-map-item input-url="file:/C:/DITA_sandbox/core.build.tools.docs/src/src/splash/dc1e39882b004e0da76839703841b6c9.image"
                          output-url="file:/C:/DITA_sandbox/obj/html5/output/dc1e39882b004e0da76839703841b6c9.image"
                          id="d495e53"/>
   <gmap:graphic-map-item input-url="file:/C:/DITA_sandbox/core.build.tools.docs/src/src/splash/4447cb17830e4944a21934ef6532f87b.image"
                          output-url="file:/C:/DITA_sandbox/obj/html5/output/4447cb17830e4944a21934ef6532f87b.image"
                          id="d495e54"/>
   <gmap:graphic-map-item input-url="file:/C:/DITA_sandbox/core.build.tools.docs/src/src/splash/9945930ba0d845048514d8f4b5c9eb2d.image"
                          output-url="file:/C:/DITA_sandbox/obj/html5/output/9945930ba0d845048514d8f4b5c9eb2d.image"
                          id="d495e55"/>
   <gmap:graphic-map-item input-url="file:/C:/DITA_sandbox/core.build.tools.docs/src/src/splash/22b6fa5961d141c4a6ebe79d40fe6fb0.image"
                          output-url="file:/C:/DITA_sandbox/obj/html5/output/22b6fa5961d141c4a6ebe79d40fe6fb0.image"
                          id="d495e56"/>
   <gmap:graphic-map-item input-url="file:/C:/DITA_sandbox/core.build.tools.docs/src/src/splash/4b9432985b17447ab663800994964cce.image"
                          output-url="file:/C:/DITA_sandbox/obj/html5/output/4b9432985b17447ab663800994964cce.image"
                          id="d495e57"/>
   <gmap:graphic-map-item input-url="file:/C:/DITA_sandbox/core.build.tools.docs/src/src/splash/b388d8821287461d938e5757c4aa8926.image"
                          output-url="file:/C:/DITA_sandbox/obj/html5/output/b388d8821287461d938e5757c4aa8926.image"
                          id="d495e58"/>
   <gmap:graphic-map-item input-url="file:/C:/DITA_sandbox/core.build.tools.docs/src/src/splash/60c67b25013a4606891592ce6f1d70d9.image"
                          output-url="file:/C:/DITA_sandbox/obj/html5/output/60c67b25013a4606891592ce6f1d70d9.image"
                          id="d495e59"/>
   <gmap:graphic-map-item input-url="file:/C:/DITA_sandbox/core.build.tools.docs/src/src/splash/eb084da8f99749e2a31e462ff0c76190.image"
                          output-url="file:/C:/DITA_sandbox/obj/html5/output/eb084da8f99749e2a31e462ff0c76190.image"
                          id="d495e61"/>
   <gmap:graphic-map-item input-url="file:/C:/DITA_sandbox/core.build.tools.docs/src/src/splash/2e3b3899adc64566bd8a255c546a5efa.image"
                          output-url="file:/C:/DITA_sandbox/obj/html5/output/2e3b3899adc64566bd8a255c546a5efa.image"
                          id="d495e62"/>
   <gmap:graphic-map-item input-url="file:/C:/DITA_sandbox/core.build.tools.docs/src/src/splash/bad4f1f09d5d44ada73f3e460653def5.image"
                          output-url="file:/C:/DITA_sandbox/obj/html5/output/bad4f1f09d5d44ada73f3e460653def5.image"
                          id="d495e63"/>
   <gmap:graphic-map-item input-url="file:/C:/DITA_sandbox/core.build.tools.docs/src/src/splash/f9dcc4e5a182438483c4dbad0b21f5fb.image"
                          output-url="file:/C:/DITA_sandbox/obj/html5/output/f9dcc4e5a182438483c4dbad0b21f5fb.image"
                          id="d495e64"/>
   <gmap:graphic-map-item input-url="file:/C:/DITA_sandbox/core.build.tools.docs/src/src/splash/7751de262e964446a64018a4cf9435a5.image"
                          output-url="file:/C:/DITA_sandbox/obj/html5/output/7751de262e964446a64018a4cf9435a5.image"
                          id="d495e65"/>
   <gmap:graphic-map-item input-url="file:/C:/DITA_sandbox/core.build.tools.docs/src/src/splash/bda6f5241493488b83c4860e7202d3ba.image"
                          output-url="file:/C:/DITA_sandbox/obj/html5/output/bda6f5241493488b83c4860e7202d3ba.image"
                          id="d495e66"/>
   <gmap:graphic-map-item input-url="file:/C:/DITA_sandbox/core.build.tools.docs/src/src/splash/e797d694330e4640906c8d95dca5349e.image"
                          output-url="file:/C:/DITA_sandbox/obj/html5/output/e797d694330e4640906c8d95dca5349e.image"
                          id="d495e67"/>
   <gmap:graphic-map-item input-url="file:/C:/DITA_sandbox/core.build.tools.docs/src/src/splash/535113f5c883490bb6e853d179f0a6c7.image"
                          output-url="file:/C:/DITA_sandbox/obj/html5/output/535113f5c883490bb6e853d179f0a6c7.image"
                          id="d495e68"/>
   <gmap:graphic-map-item input-url="file:/C:/DITA_sandbox/core.build.tools.docs/src/src/splash/e339aaa4aa19409084f8b223fabce0cc.image"
                          output-url="file:/C:/DITA_sandbox/obj/html5/output/e339aaa4aa19409084f8b223fabce0cc.image"
                          id="d495e69"/>
   <gmap:graphic-map-item input-url="file:/C:/DITA_sandbox/core.build.tools.docs/src/src/splash/c68f33021a7346049db27ed4f2263a16.image"
                          output-url="file:/C:/DITA_sandbox/obj/html5/output/c68f33021a7346049db27ed4f2263a16.image"
                          id="d495e70"/>
   <gmap:graphic-map-item input-url="file:/C:/DITA_sandbox/core.build.tools.docs/src/src/splash/5774cecb52b74058b65d881a486743a2.image"
                          output-url="file:/C:/DITA_sandbox/obj/html5/output/5774cecb52b74058b65d881a486743a2.image"
                          id="d495e71"/>
   <gmap:graphic-map-item input-url="file:/C:/DITA_sandbox/core.build.tools.docs/src/src/splash/7c4de2d1e40e4ec5b7199f8d2d756376.image"
                          output-url="file:/C:/DITA_sandbox/obj/html5/output/7c4de2d1e40e4ec5b7199f8d2d756376.image"
                          id="d495e73"/>
   <gmap:graphic-map-item input-url="file:/C:/DITA_sandbox/core.build.tools.docs/src/src/splash/829d971601bc4195b1215286dd6a400e.image"
                          output-url="file:/C:/DITA_sandbox/obj/html5/output/829d971601bc4195b1215286dd6a400e.image"
                          id="d495e74"/>
   <gmap:graphic-map-item input-url="file:/C:/DITA_sandbox/core.build.tools.docs/src/src/splash/134fce5b6c4444858a0dbc7e8bc83493.image"
                          output-url="file:/C:/DITA_sandbox/obj/html5/output/134fce5b6c4444858a0dbc7e8bc83493.image"
                          id="d495e75"/>
   <gmap:graphic-map-item input-url="file:/C:/DITA_sandbox/core.build.tools.docs/src/src/splash/468cbb4081b849348795b770c82de957.image"
                          output-url="file:/C:/DITA_sandbox/obj/html5/output/468cbb4081b849348795b770c82de957.image"
                          id="d495e76"/>
   <gmap:graphic-map-item input-url="file:/C:/DITA_sandbox/core.build.tools.docs/src/src/splash/e4d63297cb974614b6ebcfe23b9dfc88.image"
                          output-url="file:/C:/DITA_sandbox/obj/html5/output/e4d63297cb974614b6ebcfe23b9dfc88.image"
                          id="d495e77"/>
   <gmap:graphic-map-item input-url="file:/C:/DITA_sandbox/core.build.tools.docs/src/src/splash/5f45010cf8504b7797fc77785e944ac1.image"
                          output-url="file:/C:/DITA_sandbox/obj/html5/output/5f45010cf8504b7797fc77785e944ac1.image"
                          id="d495e78"/>
   <gmap:graphic-map-item input-url="file:/C:/DITA_sandbox/core.build.tools.docs/src/src/splash/8f1fa9d2f89540ae9e8b756606770c97.image"
                          output-url="file:/C:/DITA_sandbox/obj/html5/output/8f1fa9d2f89540ae9e8b756606770c97.image"
                          id="d495e79"/>
   <gmap:graphic-map-item input-url="file:/C:/DITA_sandbox/core.build.tools.docs/src/src/splash/00cba622ee0743ebb512b09f83c1abd3.image"
                          output-url="file:/C:/DITA_sandbox/obj/html5/output/00cba622ee0743ebb512b09f83c1abd3.image"
                          id="d495e80"/>
   <gmap:graphic-map-item input-url="file:/C:/DITA_sandbox/core.build.tools.docs/src/src/splash/49a74fd9efbb4de4b4cd912891a4faea.image"
                          output-url="file:/C:/DITA_sandbox/obj/html5/output/49a74fd9efbb4de4b4cd912891a4faea.image"
                          id="d495e81"/>
   <gmap:graphic-map-item input-url="file:/C:/DITA_sandbox/core.build.tools.docs/src/src/splash/0f5a28fc2fce41ba89d122396e0efe39.image"
                          output-url="file:/C:/DITA_sandbox/obj/html5/output/0f5a28fc2fce41ba89d122396e0efe39.image"
                          id="d495e82"/>
   <gmap:graphic-map-item input-url="file:/C:/DITA_sandbox/core.build.tools.docs/src/src/splash/fa609ba5016e4d369fbeeb1fca384120.image"
                          output-url="file:/C:/DITA_sandbox/obj/html5/output/fa609ba5016e4d369fbeeb1fca384120.image"
                          id="d495e83"/>
   <gmap:graphic-map-item input-url="file:/C:/DITA_sandbox/core.build.tools.docs/src/src/splash/d07c43096b524cca8f0accba8d8f59f5.image"
                          output-url="file:/C:/DITA_sandbox/obj/html5/output/d07c43096b524cca8f0accba8d8f59f5.image"
                          id="d495e85"/>
   <gmap:graphic-map-item input-url="file:/C:/DITA_sandbox/core.build.tools.docs/src/src/splash/3f8577abb2964aa4804781fa48619e8a.image"
                          output-url="file:/C:/DITA_sandbox/obj/html5/output/3f8577abb2964aa4804781fa48619e8a.image"
                          id="d495e86"/>
   <gmap:graphic-map-item input-url="file:/C:/DITA_sandbox/core.build.tools.docs/src/src/splash/b340b2614b26445ea74c82822b46653f.image"
                          output-url="file:/C:/DITA_sandbox/obj/html5/output/b340b2614b26445ea74c82822b46653f.image"
                          id="d495e87"/>
   <gmap:graphic-map-item input-url="file:/C:/DITA_sandbox/core.build.tools.docs/src/src/splash/fd3fbfb3c9914e8e80365d1b613a00c7.image"
                          output-url="file:/C:/DITA_sandbox/obj/html5/output/fd3fbfb3c9914e8e80365d1b613a00c7.image"
                          id="d495e88"/>
   <gmap:graphic-map-item input-url="file:/C:/DITA_sandbox/core.build.tools.docs/src/src/splash/03f65745c1d2460cbf675cb52358848f.image"
                          output-url="file:/C:/DITA_sandbox/obj/html5/output/03f65745c1d2460cbf675cb52358848f.image"
                          id="d495e89"/>
   <gmap:graphic-map-item input-url="file:/C:/DITA_sandbox/core.build.tools.docs/src/src/splash/72946fd6146448f789c03db9be5beb18.image"
                          output-url="file:/C:/DITA_sandbox/obj/html5/output/72946fd6146448f789c03db9be5beb18.image"
                          id="d495e90"/>
   <gmap:graphic-map-item input-url="file:/C:/DITA_sandbox/core.build.tools.docs/src/src/splash/a0a5223be65546e6bed1760abe39cd0d.image"
                          output-url="file:/C:/DITA_sandbox/obj/html5/output/a0a5223be65546e6bed1760abe39cd0d.image"
                          id="d495e91"/>
   <gmap:graphic-map-item input-url="file:/C:/DITA_sandbox/core.build.tools.docs/src/src/splash/c451a000af0648dba53a7ed941e0a4cd.image"
                          output-url="file:/C:/DITA_sandbox/obj/html5/output/c451a000af0648dba53a7ed941e0a4cd.image"
                          id="d495e92"/>
   <gmap:graphic-map-item input-url="file:/C:/DITA_sandbox/core.build.tools.docs/src/src/splash/ca9c3002abeb4737b9089b318ecd0aed.image"
                          output-url="file:/C:/DITA_sandbox/obj/html5/output/ca9c3002abeb4737b9089b318ecd0aed.image"
                          id="d495e93"/>
   <gmap:graphic-map-item input-url="file:/C:/DITA_sandbox/core.build.tools.docs/src/src/splash/06d0ee96833a48b692a7a14caaac1150.image"
                          output-url="file:/C:/DITA_sandbox/obj/html5/output/06d0ee96833a48b692a7a14caaac1150.image"
                          id="d495e94"/>
   <gmap:graphic-map-item input-url="file:/C:/DITA_sandbox/core.build.tools.docs/src/src/splash/1890d374cf2848448530b20a8cfcd218.image"
                          output-url="file:/C:/DITA_sandbox/obj/html5/output/1890d374cf2848448530b20a8cfcd218.image"
                          id="d495e95"/>
   <gmap:graphic-map-item input-url="file:/C:/DITA_sandbox/core.build.tools.docs/src/src/splash/4bf6b4f5d18247ef93fd4824ccf056d5.image"
                          output-url="file:/C:/DITA_sandbox/obj/html5/output/4bf6b4f5d18247ef93fd4824ccf056d5.image"
                          id="d495e97"/>
   <gmap:graphic-map-item input-url="file:/C:/DITA_sandbox/core.build.tools.docs/src/src/splash/df9431597ab946969f3064774d55cef5.image"
                          output-url="file:/C:/DITA_sandbox/obj/html5/output/df9431597ab946969f3064774d55cef5.image"
                          id="d495e98"/>
   <gmap:graphic-map-item input-url="file:/C:/DITA_sandbox/core.build.tools.docs/src/src/splash/2b2cca5969774de592fd06fd8956385a.image"
                          output-url="file:/C:/DITA_sandbox/obj/html5/output/2b2cca5969774de592fd06fd8956385a.image"
                          id="d495e99"/>
   <gmap:graphic-map-item input-url="file:/C:/DITA_sandbox/core.build.tools.docs/src/src/splash/058347a95d524e63b66c207690fdb300.image"
                          output-url="file:/C:/DITA_sandbox/obj/html5/output/058347a95d524e63b66c207690fdb300.image"
                          id="d495e100"/>
   <gmap:graphic-map-item input-url="file:/C:/DITA_sandbox/core.build.tools.docs/src/src/splash/b9803c07267b4fc29962d7bce27d2a89.image"
                          output-url="file:/C:/DITA_sandbox/obj/html5/output/b9803c07267b4fc29962d7bce27d2a89.image"
                          id="d495e101"/>
   <gmap:graphic-map-item input-url="file:/C:/DITA_sandbox/core.build.tools.docs/src/src/splash/79b50b2ec6924bc49223b96e2fd13981.image"
                          output-url="file:/C:/DITA_sandbox/obj/html5/output/79b50b2ec6924bc49223b96e2fd13981.image"
                          id="d495e102"/>
   <gmap:graphic-map-item input-url="file:/C:/DITA_sandbox/core.build.tools.docs/src/src/splash/fca897f5abcb42d2811fcf6047428aec.image"
                          output-url="file:/C:/DITA_sandbox/obj/html5/output/fca897f5abcb42d2811fcf6047428aec.image"
                          id="d495e103"/>
   <gmap:graphic-map-item input-url="file:/C:/DITA_sandbox/core.build.tools.docs/src/src/splash/c2dbbf6e5a6b4e71a37eceb5d505beeb.image"
                          output-url="file:/C:/DITA_sandbox/obj/html5/output/c2dbbf6e5a6b4e71a37eceb5d505beeb.image"
                          id="d495e104"/>
   <gmap:graphic-map-item input-url="file:/C:/DITA_sandbox/core.build.tools.docs/src/src/splash/85dea03af4eb49519507e9c9746cc4a0.image"
                          output-url="file:/C:/DITA_sandbox/obj/html5/output/85dea03af4eb49519507e9c9746cc4a0.image"
                          id="d495e105"/>
   <gmap:graphic-map-item input-url="file:/C:/DITA_sandbox/core.build.tools.docs/src/src/splash/b7b8d5e749834e42bd3ae2080ebbe230.image"
                          output-url="file:/C:/DITA_sandbox/obj/html5/output/b7b8d5e749834e42bd3ae2080ebbe230.image"
                          id="d495e106"/>
   <gmap:graphic-map-item input-url="file:/C:/DITA_sandbox/core.build.tools.docs/src/src/splash/d651395df4a0466faad98a5683b90c2c.image"
                          output-url="file:/C:/DITA_sandbox/obj/html5/output/d651395df4a0466faad98a5683b90c2c.image"
                          id="d495e107"/>
   <gmap:graphic-map-item input-url="file:/C:/DITA_sandbox/core.build.tools.docs/src/src/splash/5b16f8d66e5b41af8de718384081aa16.image"
                          output-url="file:/C:/DITA_sandbox/obj/html5/output/5b16f8d66e5b41af8de718384081aa16.image"
                          id="d495e109"/>
   <gmap:graphic-map-item input-url="file:/C:/DITA_sandbox/core.build.tools.docs/src/src/splash/890e8f00b14141118a9ebc5ddb8f5636.image"
                          output-url="file:/C:/DITA_sandbox/obj/html5/output/890e8f00b14141118a9ebc5ddb8f5636.image"
                          id="d495e110"/>
   <gmap:graphic-map-item input-url="file:/C:/DITA_sandbox/core.build.tools.docs/src/src/splash/9ce37b9315c242dc8e84b772681577e1.image"
                          output-url="file:/C:/DITA_sandbox/obj/html5/output/9ce37b9315c242dc8e84b772681577e1.image"
                          id="d495e111"/>
   <gmap:graphic-map-item input-url="file:/C:/DITA_sandbox/core.build.tools.docs/src/src/splash/65eafcd161a441f28e27ffc00efe1d2d.image"
                          output-url="file:/C:/DITA_sandbox/obj/html5/output/65eafcd161a441f28e27ffc00efe1d2d.image"
                          id="d495e112"/>
   <gmap:graphic-map-item input-url="file:/C:/DITA_sandbox/core.build.tools.docs/src/src/splash/4a65366eb48f4a33bd82c0ca1d981d5a.image"
                          output-url="file:/C:/DITA_sandbox/obj/html5/output/4a65366eb48f4a33bd82c0ca1d981d5a.image"
                          id="d495e113"/>
   <gmap:graphic-map-item input-url="file:/C:/DITA_sandbox/core.build.tools.docs/src/src/splash/37fa345c48744e9c8d73a5f8e4fe14ee.image"
                          output-url="file:/C:/DITA_sandbox/obj/html5/output/37fa345c48744e9c8d73a5f8e4fe14ee.image"
                          id="d495e114"/>
   <gmap:graphic-map-item input-url="file:/C:/DITA_sandbox/core.build.tools.docs/src/src/splash/0c2440c23df248eda3ca621327055259.image"
                          output-url="file:/C:/DITA_sandbox/obj/html5/output/0c2440c23df248eda3ca621327055259.image"
                          id="d495e115"/>
   <gmap:graphic-map-item input-url="file:/C:/DITA_sandbox/core.build.tools.docs/src/src/splash/a9658655e4454656b802fb30bebcd83d.image"
                          output-url="file:/C:/DITA_sandbox/obj/html5/output/a9658655e4454656b802fb30bebcd83d.image"
                          id="d495e116"/>
   <gmap:graphic-map-item input-url="file:/C:/DITA_sandbox/core.build.tools.docs/src/src/splash/d0d034f09a804b989c646e0c5c0fa99f.image"
                          output-url="file:/C:/DITA_sandbox/obj/html5/output/d0d034f09a804b989c646e0c5c0fa99f.image"
                          id="d495e117"/>
   <gmap:graphic-map-item input-url="file:/C:/DITA_sandbox/core.build.tools.docs/src/src/splash/d1d317d54f704186ade28346c295be19.image"
                          output-url="file:/C:/DITA_sandbox/obj/html5/output/d1d317d54f704186ade28346c295be19.image"
                          id="d495e118"/>
   <gmap:graphic-map-item input-url="file:/C:/DITA_sandbox/core.build.tools.docs/src/src/splash/a0ef66c0038d4631a410760ca22764eb.image"
                          output-url="file:/C:/DITA_sandbox/obj/html5/output/a0ef66c0038d4631a410760ca22764eb.image"
                          id="d495e119"/>
   <gmap:graphic-map-item input-url="file:/C:/DITA_sandbox/core.build.tools.docs/src/src/splash/a38645d5cd44463b8f903c868cf896a4.image"
                          output-url="file:/C:/DITA_sandbox/obj/html5/output/a38645d5cd44463b8f903c868cf896a4.image"
                          id="d495e121"/>
   <gmap:graphic-map-item input-url="file:/C:/DITA_sandbox/core.build.tools.docs/src/src/splash/bfec6dc957494bda8bc846179fb765b4.image"
                          output-url="file:/C:/DITA_sandbox/obj/html5/output/bfec6dc957494bda8bc846179fb765b4.image"
                          id="d495e122"/>
   <gmap:graphic-map-item input-url="file:/C:/DITA_sandbox/core.build.tools.docs/src/src/splash/259b3e33744e4eafbd5fd03c87f77d8a.image"
                          output-url="file:/C:/DITA_sandbox/obj/html5/output/259b3e33744e4eafbd5fd03c87f77d8a.image"
                          id="d495e123"/>
   <gmap:graphic-map-item input-url="file:/C:/DITA_sandbox/core.build.tools.docs/src/src/splash/060efe687a234e34ad7ccc59d5f16846.image"
                          output-url="file:/C:/DITA_sandbox/obj/html5/output/060efe687a234e34ad7ccc59d5f16846.image"
                          id="d495e124"/>
   <gmap:graphic-map-item input-url="file:/C:/DITA_sandbox/core.build.tools.docs/src/src/splash/30fe9192629847c79093bb0a33fa6ee2.image"
                          output-url="file:/C:/DITA_sandbox/obj/html5/output/30fe9192629847c79093bb0a33fa6ee2.image"
                          id="d495e125"/>
   <gmap:graphic-map-item input-url="file:/C:/DITA_sandbox/core.build.tools.docs/src/src/splash/d4c3082713184d27a4eac7582a58ac0b.image"
                          output-url="file:/C:/DITA_sandbox/obj/html5/output/d4c3082713184d27a4eac7582a58ac0b.image"
                          id="d495e126"/>
   <gmap:graphic-map-item input-url="file:/C:/DITA_sandbox/core.build.tools.docs/src/src/splash/de07865371664545b7551028a516d1c6.image"
                          output-url="file:/C:/DITA_sandbox/obj/html5/output/de07865371664545b7551028a516d1c6.image"
                          id="d495e127"/>
   <gmap:graphic-map-item input-url="file:/C:/DITA_sandbox/core.build.tools.docs/src/src/splash/61ec1a0d3c534a55b702155534d690fe.image"
                          output-url="file:/C:/DITA_sandbox/obj/html5/output/61ec1a0d3c534a55b702155534d690fe.image"
                          id="d495e128"/>
   <gmap:graphic-map-item input-url="file:/C:/DITA_sandbox/core.build.tools.docs/src/src/splash/c83bfaeef04a4f4aa32a5a5fb85a700b.image"
                          output-url="file:/C:/DITA_sandbox/obj/html5/output/c83bfaeef04a4f4aa32a5a5fb85a700b.image"
                          id="d495e129"/>
   <gmap:graphic-map-item input-url="file:/C:/DITA_sandbox/core.build.tools.docs/src/src/splash/99c8ff8d34904b33810680b92aa80390.image"
                          output-url="file:/C:/DITA_sandbox/obj/html5/output/99c8ff8d34904b33810680b92aa80390.image"
                          id="d495e130"/>
   <gmap:graphic-map-item input-url="file:/C:/DITA_sandbox/core.build.tools.docs/src/src/splash/fc2861e164394acf9cb6f877c909eeef.image"
                          output-url="file:/C:/DITA_sandbox/obj/html5/output/fc2861e164394acf9cb6f877c909eeef.image"
                          id="d495e131"/>
   <gmap:graphic-map-item input-url="file:/C:/DITA_sandbox/core.build.tools.docs/src/src/splash/af29bee4813c4a618223be27a67c33fb.image"
                          output-url="file:/C:/DITA_sandbox/obj/html5/output/af29bee4813c4a618223be27a67c33fb.image"
                          id="d495e133"/>
   <gmap:graphic-map-item input-url="file:/C:/DITA_sandbox/core.build.tools.docs/src/src/splash/2fc1bf04bb6e4cebb2605214201e2c4b.image"
                          output-url="file:/C:/DITA_sandbox/obj/html5/output/2fc1bf04bb6e4cebb2605214201e2c4b.image"
                          id="d495e134"/>
   <gmap:graphic-map-item input-url="file:/C:/DITA_sandbox/core.build.tools.docs/src/src/splash/cb86bf0e9d454b059e688eef822ba796.image"
                          output-url="file:/C:/DITA_sandbox/obj/html5/output/cb86bf0e9d454b059e688eef822ba796.image"
                          id="d495e135"/>
   <gmap:graphic-map-item input-url="file:/C:/DITA_sandbox/core.build.tools.docs/src/src/splash/64142fc23361492eb688110f11428a41.image"
                          output-url="file:/C:/DITA_sandbox/obj/html5/output/64142fc23361492eb688110f11428a41.image"
                          id="d495e136"/>
   <gmap:graphic-map-item input-url="file:/C:/DITA_sandbox/core.build.tools.docs/src/src/splash/40fd90accb2e455bbf58e4ae0a8ce5a2.image"
                          output-url="file:/C:/DITA_sandbox/obj/html5/output/40fd90accb2e455bbf58e4ae0a8ce5a2.image"
                          id="d495e137"/>
   <gmap:graphic-map-item input-url="file:/C:/DITA_sandbox/core.build.tools.docs/src/src/splash/f3424b3795814f19bd1a3e95951f210b.image"
                          output-url="file:/C:/DITA_sandbox/obj/html5/output/f3424b3795814f19bd1a3e95951f210b.image"
                          id="d495e138"/>
   <gmap:graphic-map-item input-url="file:/C:/DITA_sandbox/core.build.tools.docs/src/src/splash/8d6478b4d88145f28af33de15fc431da.image"
                          output-url="file:/C:/DITA_sandbox/obj/html5/output/8d6478b4d88145f28af33de15fc431da.image"
                          id="d495e139"/>
   <gmap:graphic-map-item input-url="file:/C:/DITA_sandbox/core.build.tools.docs/src/src/splash/d7623f8539f64e998f39aa77a07c0b3a.image"
                          output-url="file:/C:/DITA_sandbox/obj/html5/output/d7623f8539f64e998f39aa77a07c0b3a.image"
                          id="d495e140"/>
   <gmap:graphic-map-item input-url="file:/C:/DITA_sandbox/core.build.tools.docs/src/src/splash/ef345ac6a54f4b5eb2f91689ce3f896e.image"
                          output-url="file:/C:/DITA_sandbox/obj/html5/output/ef345ac6a54f4b5eb2f91689ce3f896e.image"
                          id="d495e141"/>
   <gmap:graphic-map-item input-url="file:/C:/DITA_sandbox/core.build.tools.docs/src/src/splash/916213762b6e4ef287c804967df466f9.image"
                          output-url="file:/C:/DITA_sandbox/obj/html5/output/916213762b6e4ef287c804967df466f9.image"
                          id="d495e142"/>
   <gmap:graphic-map-item input-url="file:/C:/DITA_sandbox/core.build.tools.docs/src/src/splash/c9ea380688ef45b9aef388f9e5296e54.image"
                          output-url="file:/C:/DITA_sandbox/obj/html5/output/c9ea380688ef45b9aef388f9e5296e54.image"
                          id="d495e143"/>
   <gmap:graphic-map-item input-url="file:/C:/DITA_sandbox/core.build.tools.docs/src/src/splash/f4bf8f1458394ec19edfcd9c5faa6d95.image"
                          output-url="file:/C:/DITA_sandbox/obj/html5/output/f4bf8f1458394ec19edfcd9c5faa6d95.image"
                          id="d495e145"/>
   <gmap:graphic-map-item input-url="file:/C:/DITA_sandbox/core.build.tools.docs/src/src/splash/7f067e8785c0446eac3cbf9e9cf01c5d.image"
                          output-url="file:/C:/DITA_sandbox/obj/html5/output/7f067e8785c0446eac3cbf9e9cf01c5d.image"
                          id="d495e146"/>
</gmap:graphic-map>