{"topics": [
{"file": "200bbb40aa4f449a81440a4244e382c5.html",
"title": "Get Started with Admin Console",
"shortdesc": "As a BUILD Administrator, you need to follow these initial steps before users can use the system. You will receive a Welcome email from the SAP BUILD team with instructions on how to get started as BUILD Administrator."},
{"file": "d1a75c9af7cd4565aaa28fb7ed88b9b2.html",
"title": "Admin Console",
"shortdesc": "The BUILD Admin console allows the BUILD Administrator to manage users, domains, and view audit logs."},
{"file": "0693592c3a614d85bb1a456a515be8be.html",
"title": "View Audit Log",
"shortdesc": "BUILD Admins can use the Admin Console to view and download user audit log files."},
{"file": "1aa707dbf69b425fb9437703ef59b448.html",
"title": "Manage Users",
"shortdesc": "BUILD Administrators can use the Admin Console to view and delete users, and to assign roles."},
{"file": "f310f001528e40f0abab71c9016a78b3.html",
"title": "Set Domain Access",
"shortdesc": "BUILD Administrators can add domains and assign roles and permissions to each domain. Users from these domains can then be assigned roles to access BUILD."}]}