<?xml version="1.0" encoding="UTF-8"?>
<gmap:graphic-map xmlns:gmap="http://dita4publishers/namespaces/graphic-input-to-output-map"
                  xmlns:xd="http://www.oxygenxml.com/ns/doc/xsl">
   <gmap:graphic-map-item input-url="file:/C:/DITA_sandbox/core.build.tools.docs/src/src/splash/PQaZqxVtln4?rel=0&amp;fs=1"
                          output-url="file:/C:/DITA_sandbox/obj/html5/output/PQaZqxVtln4?rel=0&amp;fs=1"
                          id="d474e1"/>
   <gmap:graphic-map-item input-url="file:/C:/DITA_sandbox/core.build.tools.docs/src/src/splash/GetStarted.png"
                          output-url="file:/C:/DITA_sandbox/obj/html5/output/GetStarted.png"
                          id="d474e2"/>
   <gmap:graphic-map-item input-url="file:/C:/DITA_sandbox/core.build.tools.docs/src/src/splash/Hka3_sWwHwI?rel=0&amp;fs=1"
                          output-url="file:/C:/DITA_sandbox/obj/html5/output/Hka3_sWwHwI?rel=0&amp;fs=1"
                          id="d474e3"/>
   <gmap:graphic-map-item input-url="file:/C:/DITA_sandbox/core.build.tools.docs/src/src/splash/Prototype.png"
                          output-url="file:/C:/DITA_sandbox/obj/html5/output/Prototype.png"
                          id="d474e4"/>
   <gmap:graphic-map-item input-url="file:/C:/DITA_sandbox/core.build.tools.docs/src/src/splash/Z8BMghLixvE?rel=0&amp;fs=1"
                          output-url="file:/C:/DITA_sandbox/obj/html5/output/Z8BMghLixvE?rel=0&amp;fs=1"
                          id="d474e5"/>
   <gmap:graphic-map-item input-url="file:/C:/DITA_sandbox/core.build.tools.docs/src/src/splash/CreatingUser.png"
                          output-url="file:/C:/DITA_sandbox/obj/html5/output/CreatingUser.png"
                          id="d474e6"/>
   <gmap:graphic-map-item input-url="file:/C:/DITA_sandbox/core.build.tools.docs/src/src/splash/vZHxsHzefz0?rel=0&amp;fs=1"
                          output-url="file:/C:/DITA_sandbox/obj/html5/output/vZHxsHzefz0?rel=0&amp;fs=1"
                          id="d474e7"/>
   <gmap:graphic-map-item input-url="file:/C:/DITA_sandbox/core.build.tools.docs/src/src/splash/DataModels.png"
                          output-url="file:/C:/DITA_sandbox/obj/html5/output/DataModels.png"
                          id="d474e8"/>
   <gmap:graphic-map-item input-url="file:/C:/DITA_sandbox/core.build.tools.docs/src/src/splash/RPrYT4zXa3U?rel=0&amp;fs=1"
                          output-url="file:/C:/DITA_sandbox/obj/html5/output/RPrYT4zXa3U?rel=0&amp;fs=1"
                          id="d474e9"/>
   <gmap:graphic-map-item input-url="file:/C:/DITA_sandbox/core.build.tools.docs/src/src/splash/UsingSmartTemplateBig.png"
                          output-url="file:/C:/DITA_sandbox/obj/html5/output/UsingSmartTemplateBig.png"
                          id="d474e10"/>
   <gmap:graphic-map-item input-url="file:/C:/DITA_sandbox/core.build.tools.docs/src/src/splash/7ae3d2308ad641eb812edb7fde4b133b.image"
                          output-url="file:/C:/DITA_sandbox/obj/html5/output/7ae3d2308ad641eb812edb7fde4b133b.image"
                          id="d474e11"/>
   <gmap:graphic-map-item input-url="file:/C:/DITA_sandbox/core.build.tools.docs/src/src/splash/8971baae3c0345559a11dc6f81f16348.image"
                          output-url="file:/C:/DITA_sandbox/obj/html5/output/8971baae3c0345559a11dc6f81f16348.image"
                          id="d474e13"/>
   <gmap:graphic-map-item input-url="file:/C:/DITA_sandbox/core.build.tools.docs/src/src/splash/4e9db078b04a4cd89ccd3580d378017a.image"
                          output-url="file:/C:/DITA_sandbox/obj/html5/output/4e9db078b04a4cd89ccd3580d378017a.image"
                          id="d474e14"/>
   <gmap:graphic-map-item input-url="file:/C:/DITA_sandbox/core.build.tools.docs/src/src/splash/e31235c5474d449983a46f40c70b80e1.image"
                          output-url="file:/C:/DITA_sandbox/obj/html5/output/e31235c5474d449983a46f40c70b80e1.image"
                          id="d474e15"/>
   <gmap:graphic-map-item input-url="file:/C:/DITA_sandbox/core.build.tools.docs/src/src/splash/2a8cf567a3f7414296d5e9c6ea92622e.image"
                          output-url="file:/C:/DITA_sandbox/obj/html5/output/2a8cf567a3f7414296d5e9c6ea92622e.image"
                          id="d474e16"/>
   <gmap:graphic-map-item input-url="file:/C:/DITA_sandbox/core.build.tools.docs/src/src/splash/d5a2947a8e694665bb772fc14cb94da0.image"
                          output-url="file:/C:/DITA_sandbox/obj/html5/output/d5a2947a8e694665bb772fc14cb94da0.image"
                          id="d474e17"/>
   <gmap:graphic-map-item input-url="file:/C:/DITA_sandbox/core.build.tools.docs/src/src/splash/d58e0beaae0f4037ac155d362e65415c.image"
                          output-url="file:/C:/DITA_sandbox/obj/html5/output/d58e0beaae0f4037ac155d362e65415c.image"
                          id="d474e18"/>
   <gmap:graphic-map-item input-url="file:/C:/DITA_sandbox/core.build.tools.docs/src/src/splash/748a9dc08a50415c86827b70f3c76cd8.image"
                          output-url="file:/C:/DITA_sandbox/obj/html5/output/748a9dc08a50415c86827b70f3c76cd8.image"
                          id="d474e19"/>
   <gmap:graphic-map-item input-url="file:/C:/DITA_sandbox/core.build.tools.docs/src/src/splash/dd09d42492684ef3a557b8dbbaa06ef6.image"
                          output-url="file:/C:/DITA_sandbox/obj/html5/output/dd09d42492684ef3a557b8dbbaa06ef6.image"
                          id="d474e20"/>
   <gmap:graphic-map-item input-url="file:/C:/DITA_sandbox/core.build.tools.docs/src/src/splash/8a427ffcb3f2474ab91fafdcf0a9ff27.image"
                          output-url="file:/C:/DITA_sandbox/obj/html5/output/8a427ffcb3f2474ab91fafdcf0a9ff27.image"
                          id="d474e21"/>
   <gmap:graphic-map-item input-url="file:/C:/DITA_sandbox/core.build.tools.docs/src/src/splash/207e7b7dcdb54b91bb43706526857504.image"
                          output-url="file:/C:/DITA_sandbox/obj/html5/output/207e7b7dcdb54b91bb43706526857504.image"
                          id="d474e22"/>
   <gmap:graphic-map-item input-url="file:/C:/DITA_sandbox/core.build.tools.docs/src/src/splash/0b93ff5192204fe2b87197bdd92594a8.image"
                          output-url="file:/C:/DITA_sandbox/obj/html5/output/0b93ff5192204fe2b87197bdd92594a8.image"
                          id="d474e23"/>
   <gmap:graphic-map-item input-url="file:/C:/DITA_sandbox/core.build.tools.docs/src/src/splash/4ff6d2daf8c742e39eb8c0d9797cb7e9.image"
                          output-url="file:/C:/DITA_sandbox/obj/html5/output/4ff6d2daf8c742e39eb8c0d9797cb7e9.image"
                          id="d474e25"/>
   <gmap:graphic-map-item input-url="file:/C:/DITA_sandbox/core.build.tools.docs/src/src/splash/631108d3d6df44b1b1eb07a4f20b5648.image"
                          output-url="file:/C:/DITA_sandbox/obj/html5/output/631108d3d6df44b1b1eb07a4f20b5648.image"
                          id="d474e26"/>
   <gmap:graphic-map-item input-url="file:/C:/DITA_sandbox/core.build.tools.docs/src/src/splash/e86c938a17954a058c0a6d2a503a7c9b.image"
                          output-url="file:/C:/DITA_sandbox/obj/html5/output/e86c938a17954a058c0a6d2a503a7c9b.image"
                          id="d474e27"/>
   <gmap:graphic-map-item input-url="file:/C:/DITA_sandbox/core.build.tools.docs/src/src/splash/717aea3d966c4da99a56c5745a6804dc.image"
                          output-url="file:/C:/DITA_sandbox/obj/html5/output/717aea3d966c4da99a56c5745a6804dc.image"
                          id="d474e28"/>
   <gmap:graphic-map-item input-url="file:/C:/DITA_sandbox/core.build.tools.docs/src/src/splash/4816b94f08374ee39ec40e8d70112107.image"
                          output-url="file:/C:/DITA_sandbox/obj/html5/output/4816b94f08374ee39ec40e8d70112107.image"
                          id="d474e29"/>
   <gmap:graphic-map-item input-url="file:/C:/DITA_sandbox/core.build.tools.docs/src/src/splash/7ca37b8a47294fe69193b7c94b04185f.image"
                          output-url="file:/C:/DITA_sandbox/obj/html5/output/7ca37b8a47294fe69193b7c94b04185f.image"
                          id="d474e30"/>
   <gmap:graphic-map-item input-url="file:/C:/DITA_sandbox/core.build.tools.docs/src/src/splash/9d9f1fcfcb9d4b439db74e2c3120ac34.image"
                          output-url="file:/C:/DITA_sandbox/obj/html5/output/9d9f1fcfcb9d4b439db74e2c3120ac34.image"
                          id="d474e31"/>
   <gmap:graphic-map-item input-url="file:/C:/DITA_sandbox/core.build.tools.docs/src/src/splash/d55e22c6481a4a528f01836cd3e67383.image"
                          output-url="file:/C:/DITA_sandbox/obj/html5/output/d55e22c6481a4a528f01836cd3e67383.image"
                          id="d474e32"/>
   <gmap:graphic-map-item input-url="file:/C:/DITA_sandbox/core.build.tools.docs/src/src/splash/810855e48d2f45339d90ad620bf773dd.image"
                          output-url="file:/C:/DITA_sandbox/obj/html5/output/810855e48d2f45339d90ad620bf773dd.image"
                          id="d474e33"/>
   <gmap:graphic-map-item input-url="file:/C:/DITA_sandbox/core.build.tools.docs/src/src/splash/a27423f643874b24b5cc8fbd87c57ccf.image"
                          output-url="file:/C:/DITA_sandbox/obj/html5/output/a27423f643874b24b5cc8fbd87c57ccf.image"
                          id="d474e34"/>
   <gmap:graphic-map-item input-url="file:/C:/DITA_sandbox/core.build.tools.docs/src/src/splash/796ed5c2dcca45da8d620d02059527ad.image"
                          output-url="file:/C:/DITA_sandbox/obj/html5/output/796ed5c2dcca45da8d620d02059527ad.image"
                          id="d474e35"/>
   <gmap:graphic-map-item input-url="file:/C:/DITA_sandbox/core.build.tools.docs/src/src/splash/75ce0c82bdf845668bfb278a77f087c4.image"
                          output-url="file:/C:/DITA_sandbox/obj/html5/output/75ce0c82bdf845668bfb278a77f087c4.image"
                          id="d474e37"/>
   <gmap:graphic-map-item input-url="file:/C:/DITA_sandbox/core.build.tools.docs/src/src/splash/46ab39ca3bcc435ba5cb36312b54e25f.image"
                          output-url="file:/C:/DITA_sandbox/obj/html5/output/46ab39ca3bcc435ba5cb36312b54e25f.image"
                          id="d474e38"/>
   <gmap:graphic-map-item input-url="file:/C:/DITA_sandbox/core.build.tools.docs/src/src/splash/83b69c25867243b09e7037e079d2b5d8.image"
                          output-url="file:/C:/DITA_sandbox/obj/html5/output/83b69c25867243b09e7037e079d2b5d8.image"
                          id="d474e39"/>
   <gmap:graphic-map-item input-url="file:/C:/DITA_sandbox/core.build.tools.docs/src/src/splash/08fbc8cba4bc4328933cd3956bab717f.image"
                          output-url="file:/C:/DITA_sandbox/obj/html5/output/08fbc8cba4bc4328933cd3956bab717f.image"
                          id="d474e40"/>
   <gmap:graphic-map-item input-url="file:/C:/DITA_sandbox/core.build.tools.docs/src/src/splash/c8d2b54d9b0e483c9908e97ec1469595.image"
                          output-url="file:/C:/DITA_sandbox/obj/html5/output/c8d2b54d9b0e483c9908e97ec1469595.image"
                          id="d474e41"/>
   <gmap:graphic-map-item input-url="file:/C:/DITA_sandbox/core.build.tools.docs/src/src/splash/5ed270524fa54586b4823f234fdc88d1.image"
                          output-url="file:/C:/DITA_sandbox/obj/html5/output/5ed270524fa54586b4823f234fdc88d1.image"
                          id="d474e42"/>
   <gmap:graphic-map-item input-url="file:/C:/DITA_sandbox/core.build.tools.docs/src/src/splash/ef5f83af07ec4ca1b49d53d511295f4d.image"
                          output-url="file:/C:/DITA_sandbox/obj/html5/output/ef5f83af07ec4ca1b49d53d511295f4d.image"
                          id="d474e43"/>
   <gmap:graphic-map-item input-url="file:/C:/DITA_sandbox/core.build.tools.docs/src/src/splash/24d10ee2e83a49378eb23ea2afabeb04.image"
                          output-url="file:/C:/DITA_sandbox/obj/html5/output/24d10ee2e83a49378eb23ea2afabeb04.image"
                          id="d474e44"/>
   <gmap:graphic-map-item input-url="file:/C:/DITA_sandbox/core.build.tools.docs/src/src/splash/9bb3503ec5004fc1b8fd67e71d5367a4.image"
                          output-url="file:/C:/DITA_sandbox/obj/html5/output/9bb3503ec5004fc1b8fd67e71d5367a4.image"
                          id="d474e45"/>
   <gmap:graphic-map-item input-url="file:/C:/DITA_sandbox/core.build.tools.docs/src/src/splash/dc1e39882b004e0da76839703841b6c9.image"
                          output-url="file:/C:/DITA_sandbox/obj/html5/output/dc1e39882b004e0da76839703841b6c9.image"
                          id="d474e46"/>
   <gmap:graphic-map-item input-url="file:/C:/DITA_sandbox/core.build.tools.docs/src/src/splash/4447cb17830e4944a21934ef6532f87b.image"
                          output-url="file:/C:/DITA_sandbox/obj/html5/output/4447cb17830e4944a21934ef6532f87b.image"
                          id="d474e47"/>
   <gmap:graphic-map-item input-url="file:/C:/DITA_sandbox/core.build.tools.docs/src/src/splash/9945930ba0d845048514d8f4b5c9eb2d.image"
                          output-url="file:/C:/DITA_sandbox/obj/html5/output/9945930ba0d845048514d8f4b5c9eb2d.image"
                          id="d474e49"/>
   <gmap:graphic-map-item input-url="file:/C:/DITA_sandbox/core.build.tools.docs/src/src/splash/22b6fa5961d141c4a6ebe79d40fe6fb0.image"
                          output-url="file:/C:/DITA_sandbox/obj/html5/output/22b6fa5961d141c4a6ebe79d40fe6fb0.image"
                          id="d474e50"/>
   <gmap:graphic-map-item input-url="file:/C:/DITA_sandbox/core.build.tools.docs/src/src/splash/a970ffadb2724cad977f77c772040f68.image"
                          output-url="file:/C:/DITA_sandbox/obj/html5/output/a970ffadb2724cad977f77c772040f68.image"
                          id="d474e51"/>
   <gmap:graphic-map-item input-url="file:/C:/DITA_sandbox/core.build.tools.docs/src/src/splash/ec00734fb8114b2db0a7a6b43c0d6f59.image"
                          output-url="file:/C:/DITA_sandbox/obj/html5/output/ec00734fb8114b2db0a7a6b43c0d6f59.image"
                          id="d474e52"/>
   <gmap:graphic-map-item input-url="file:/C:/DITA_sandbox/core.build.tools.docs/src/src/splash/323f0873dc3e4f2b899a46df87485fdd.image"
                          output-url="file:/C:/DITA_sandbox/obj/html5/output/323f0873dc3e4f2b899a46df87485fdd.image"
                          id="d474e53"/>
   <gmap:graphic-map-item input-url="file:/C:/DITA_sandbox/core.build.tools.docs/src/src/splash/caad5f61a7e049639a1f52be43838922.image"
                          output-url="file:/C:/DITA_sandbox/obj/html5/output/caad5f61a7e049639a1f52be43838922.image"
                          id="d474e54"/>
   <gmap:graphic-map-item input-url="file:/C:/DITA_sandbox/core.build.tools.docs/src/src/splash/bafd950f2b53428a8c4230587840b0eb.image"
                          output-url="file:/C:/DITA_sandbox/obj/html5/output/bafd950f2b53428a8c4230587840b0eb.image"
                          id="d474e55"/>
   <gmap:graphic-map-item input-url="file:/C:/DITA_sandbox/core.build.tools.docs/src/src/splash/f9dcc4e5a182438483c4dbad0b21f5fb.image"
                          output-url="file:/C:/DITA_sandbox/obj/html5/output/f9dcc4e5a182438483c4dbad0b21f5fb.image"
                          id="d474e56"/>
   <gmap:graphic-map-item input-url="file:/C:/DITA_sandbox/core.build.tools.docs/src/src/splash/e5f7260f945d463abbe22386b6bab4f8.image"
                          output-url="file:/C:/DITA_sandbox/obj/html5/output/e5f7260f945d463abbe22386b6bab4f8.image"
                          id="d474e57"/>
   <gmap:graphic-map-item input-url="file:/C:/DITA_sandbox/core.build.tools.docs/src/src/splash/8fcc75d4fbf54988bd4bbd35c9b1c5e1.image"
                          output-url="file:/C:/DITA_sandbox/obj/html5/output/8fcc75d4fbf54988bd4bbd35c9b1c5e1.image"
                          id="d474e58"/>
   <gmap:graphic-map-item input-url="file:/C:/DITA_sandbox/core.build.tools.docs/src/src/splash/90a3fc4b71c84cc6ba4f433e474cafbc.image"
                          output-url="file:/C:/DITA_sandbox/obj/html5/output/90a3fc4b71c84cc6ba4f433e474cafbc.image"
                          id="d474e59"/>
   <gmap:graphic-map-item input-url="file:/C:/DITA_sandbox/core.build.tools.docs/src/src/splash/7c4de2d1e40e4ec5b7199f8d2d756376.image"
                          output-url="file:/C:/DITA_sandbox/obj/html5/output/7c4de2d1e40e4ec5b7199f8d2d756376.image"
                          id="d474e61"/>
   <gmap:graphic-map-item input-url="file:/C:/DITA_sandbox/core.build.tools.docs/src/src/splash/829d971601bc4195b1215286dd6a400e.image"
                          output-url="file:/C:/DITA_sandbox/obj/html5/output/829d971601bc4195b1215286dd6a400e.image"
                          id="d474e62"/>
   <gmap:graphic-map-item input-url="file:/C:/DITA_sandbox/core.build.tools.docs/src/src/splash/cad6338db9d241ca9914d7d9d2c44359.image"
                          output-url="file:/C:/DITA_sandbox/obj/html5/output/cad6338db9d241ca9914d7d9d2c44359.image"
                          id="d474e63"/>
   <gmap:graphic-map-item input-url="file:/C:/DITA_sandbox/core.build.tools.docs/src/src/splash/fa609ba5016e4d369fbeeb1fca384120.image"
                          output-url="file:/C:/DITA_sandbox/obj/html5/output/fa609ba5016e4d369fbeeb1fca384120.image"
                          id="d474e64"/>
   <gmap:graphic-map-item input-url="file:/C:/DITA_sandbox/core.build.tools.docs/src/src/splash/4f4a25b4f8ea4756bee344dbef4b5f62.image"
                          output-url="file:/C:/DITA_sandbox/obj/html5/output/4f4a25b4f8ea4756bee344dbef4b5f62.image"
                          id="d474e65"/>
   <gmap:graphic-map-item input-url="file:/C:/DITA_sandbox/core.build.tools.docs/src/src/splash/b2030a25a2d84edba293317d9b6a49e5.image"
                          output-url="file:/C:/DITA_sandbox/obj/html5/output/b2030a25a2d84edba293317d9b6a49e5.image"
                          id="d474e66"/>
   <gmap:graphic-map-item input-url="file:/C:/DITA_sandbox/core.build.tools.docs/src/src/splash/b340b2614b26445ea74c82822b46653f.image"
                          output-url="file:/C:/DITA_sandbox/obj/html5/output/b340b2614b26445ea74c82822b46653f.image"
                          id="d474e67"/>
   <gmap:graphic-map-item input-url="file:/C:/DITA_sandbox/core.build.tools.docs/src/src/splash/fd3fbfb3c9914e8e80365d1b613a00c7.image"
                          output-url="file:/C:/DITA_sandbox/obj/html5/output/fd3fbfb3c9914e8e80365d1b613a00c7.image"
                          id="d474e68"/>
   <gmap:graphic-map-item input-url="file:/C:/DITA_sandbox/core.build.tools.docs/src/src/splash/03f65745c1d2460cbf675cb52358848f.image"
                          output-url="file:/C:/DITA_sandbox/obj/html5/output/03f65745c1d2460cbf675cb52358848f.image"
                          id="d474e69"/>
   <gmap:graphic-map-item input-url="file:/C:/DITA_sandbox/core.build.tools.docs/src/src/splash/72946fd6146448f789c03db9be5beb18.image"
                          output-url="file:/C:/DITA_sandbox/obj/html5/output/72946fd6146448f789c03db9be5beb18.image"
                          id="d474e70"/>
   <gmap:graphic-map-item input-url="file:/C:/DITA_sandbox/core.build.tools.docs/src/src/splash/a0a5223be65546e6bed1760abe39cd0d.image"
                          output-url="file:/C:/DITA_sandbox/obj/html5/output/a0a5223be65546e6bed1760abe39cd0d.image"
                          id="d474e71"/>
   <gmap:graphic-map-item input-url="file:/C:/DITA_sandbox/core.build.tools.docs/src/src/splash/c451a000af0648dba53a7ed941e0a4cd.image"
                          output-url="file:/C:/DITA_sandbox/obj/html5/output/c451a000af0648dba53a7ed941e0a4cd.image"
                          id="d474e73"/>
   <gmap:graphic-map-item input-url="file:/C:/DITA_sandbox/core.build.tools.docs/src/src/splash/ca9c3002abeb4737b9089b318ecd0aed.image"
                          output-url="file:/C:/DITA_sandbox/obj/html5/output/ca9c3002abeb4737b9089b318ecd0aed.image"
                          id="d474e74"/>
   <gmap:graphic-map-item input-url="file:/C:/DITA_sandbox/core.build.tools.docs/src/src/splash/06d0ee96833a48b692a7a14caaac1150.image"
                          output-url="file:/C:/DITA_sandbox/obj/html5/output/06d0ee96833a48b692a7a14caaac1150.image"
                          id="d474e75"/>
   <gmap:graphic-map-item input-url="file:/C:/DITA_sandbox/core.build.tools.docs/src/src/splash/1890d374cf2848448530b20a8cfcd218.image"
                          output-url="file:/C:/DITA_sandbox/obj/html5/output/1890d374cf2848448530b20a8cfcd218.image"
                          id="d474e76"/>
   <gmap:graphic-map-item input-url="file:/C:/DITA_sandbox/core.build.tools.docs/src/src/splash/4bf6b4f5d18247ef93fd4824ccf056d5.image"
                          output-url="file:/C:/DITA_sandbox/obj/html5/output/4bf6b4f5d18247ef93fd4824ccf056d5.image"
                          id="d474e77"/>
   <gmap:graphic-map-item input-url="file:/C:/DITA_sandbox/core.build.tools.docs/src/src/splash/df9431597ab946969f3064774d55cef5.image"
                          output-url="file:/C:/DITA_sandbox/obj/html5/output/df9431597ab946969f3064774d55cef5.image"
                          id="d474e78"/>
   <gmap:graphic-map-item input-url="file:/C:/DITA_sandbox/core.build.tools.docs/src/src/splash/2b2cca5969774de592fd06fd8956385a.image"
                          output-url="file:/C:/DITA_sandbox/obj/html5/output/2b2cca5969774de592fd06fd8956385a.image"
                          id="d474e79"/>
   <gmap:graphic-map-item input-url="file:/C:/DITA_sandbox/core.build.tools.docs/src/src/splash/058347a95d524e63b66c207690fdb300.image"
                          output-url="file:/C:/DITA_sandbox/obj/html5/output/058347a95d524e63b66c207690fdb300.image"
                          id="d474e80"/>
   <gmap:graphic-map-item input-url="file:/C:/DITA_sandbox/core.build.tools.docs/src/src/splash/b9803c07267b4fc29962d7bce27d2a89.image"
                          output-url="file:/C:/DITA_sandbox/obj/html5/output/b9803c07267b4fc29962d7bce27d2a89.image"
                          id="d474e81"/>
   <gmap:graphic-map-item input-url="file:/C:/DITA_sandbox/core.build.tools.docs/src/src/splash/79b50b2ec6924bc49223b96e2fd13981.image"
                          output-url="file:/C:/DITA_sandbox/obj/html5/output/79b50b2ec6924bc49223b96e2fd13981.image"
                          id="d474e82"/>
   <gmap:graphic-map-item input-url="file:/C:/DITA_sandbox/core.build.tools.docs/src/src/splash/fca897f5abcb42d2811fcf6047428aec.image"
                          output-url="file:/C:/DITA_sandbox/obj/html5/output/fca897f5abcb42d2811fcf6047428aec.image"
                          id="d474e83"/>
   <gmap:graphic-map-item input-url="file:/C:/DITA_sandbox/core.build.tools.docs/src/src/splash/85dea03af4eb49519507e9c9746cc4a0.image"
                          output-url="file:/C:/DITA_sandbox/obj/html5/output/85dea03af4eb49519507e9c9746cc4a0.image"
                          id="d474e85"/>
   <gmap:graphic-map-item input-url="file:/C:/DITA_sandbox/core.build.tools.docs/src/src/splash/b7b8d5e749834e42bd3ae2080ebbe230.image"
                          output-url="file:/C:/DITA_sandbox/obj/html5/output/b7b8d5e749834e42bd3ae2080ebbe230.image"
                          id="d474e86"/>
   <gmap:graphic-map-item input-url="file:/C:/DITA_sandbox/core.build.tools.docs/src/src/splash/9b667e047e17423d8aa416969422e3cf.image"
                          output-url="file:/C:/DITA_sandbox/obj/html5/output/9b667e047e17423d8aa416969422e3cf.image"
                          id="d474e87"/>
   <gmap:graphic-map-item input-url="file:/C:/DITA_sandbox/core.build.tools.docs/src/src/splash/d3519c2645394ff9978a3ccbd0131a7a.image"
                          output-url="file:/C:/DITA_sandbox/obj/html5/output/d3519c2645394ff9978a3ccbd0131a7a.image"
                          id="d474e88"/>
   <gmap:graphic-map-item input-url="file:/C:/DITA_sandbox/core.build.tools.docs/src/src/splash/890e8f00b14141118a9ebc5ddb8f5636.image"
                          output-url="file:/C:/DITA_sandbox/obj/html5/output/890e8f00b14141118a9ebc5ddb8f5636.image"
                          id="d474e89"/>
   <gmap:graphic-map-item input-url="file:/C:/DITA_sandbox/core.build.tools.docs/src/src/splash/08634c20c0044080b0b1924aadb76af8.image"
                          output-url="file:/C:/DITA_sandbox/obj/html5/output/08634c20c0044080b0b1924aadb76af8.image"
                          id="d474e90"/>
   <gmap:graphic-map-item input-url="file:/C:/DITA_sandbox/core.build.tools.docs/src/src/splash/9ce37b9315c242dc8e84b772681577e1.image"
                          output-url="file:/C:/DITA_sandbox/obj/html5/output/9ce37b9315c242dc8e84b772681577e1.image"
                          id="d474e91"/>
   <gmap:graphic-map-item input-url="file:/C:/DITA_sandbox/core.build.tools.docs/src/src/splash/ccb500312ce041c8bbb729f32660469a.image"
                          output-url="file:/C:/DITA_sandbox/obj/html5/output/ccb500312ce041c8bbb729f32660469a.image"
                          id="d474e92"/>
   <gmap:graphic-map-item input-url="file:/C:/DITA_sandbox/core.build.tools.docs/src/src/splash/8342f83c789c4f30baf090bc79c132d4.image"
                          output-url="file:/C:/DITA_sandbox/obj/html5/output/8342f83c789c4f30baf090bc79c132d4.image"
                          id="d474e93"/>
   <gmap:graphic-map-item input-url="file:/C:/DITA_sandbox/core.build.tools.docs/src/src/splash/37fa345c48744e9c8d73a5f8e4fe14ee.image"
                          output-url="file:/C:/DITA_sandbox/obj/html5/output/37fa345c48744e9c8d73a5f8e4fe14ee.image"
                          id="d474e94"/>
   <gmap:graphic-map-item input-url="file:/C:/DITA_sandbox/core.build.tools.docs/src/src/splash/0c2440c23df248eda3ca621327055259.image"
                          output-url="file:/C:/DITA_sandbox/obj/html5/output/0c2440c23df248eda3ca621327055259.image"
                          id="d474e95"/>
   <gmap:graphic-map-item input-url="file:/C:/DITA_sandbox/core.build.tools.docs/src/src/splash/17370c4cb9fc4e9dab8e9b4a6153fe93.image"
                          output-url="file:/C:/DITA_sandbox/obj/html5/output/17370c4cb9fc4e9dab8e9b4a6153fe93.image"
                          id="d474e97"/>
   <gmap:graphic-map-item input-url="file:/C:/DITA_sandbox/core.build.tools.docs/src/src/splash/5e5f7ed584b148ec8c5dba235c44597e.image"
                          output-url="file:/C:/DITA_sandbox/obj/html5/output/5e5f7ed584b148ec8c5dba235c44597e.image"
                          id="d474e98"/>
   <gmap:graphic-map-item input-url="file:/C:/DITA_sandbox/core.build.tools.docs/src/src/splash/258797a07ef048b7a6624156e046ac0e.image"
                          output-url="file:/C:/DITA_sandbox/obj/html5/output/258797a07ef048b7a6624156e046ac0e.image"
                          id="d474e99"/>
   <gmap:graphic-map-item input-url="file:/C:/DITA_sandbox/core.build.tools.docs/src/src/splash/aa853746fe1f4826b7361e73b8fb2a5b.image"
                          output-url="file:/C:/DITA_sandbox/obj/html5/output/aa853746fe1f4826b7361e73b8fb2a5b.image"
                          id="d474e100"/>
   <gmap:graphic-map-item input-url="file:/C:/DITA_sandbox/core.build.tools.docs/src/src/splash/87969c950cfc4e38a9e9ebc43c8165ef.image"
                          output-url="file:/C:/DITA_sandbox/obj/html5/output/87969c950cfc4e38a9e9ebc43c8165ef.image"
                          id="d474e101"/>
   <gmap:graphic-map-item input-url="file:/C:/DITA_sandbox/core.build.tools.docs/src/src/splash/7d0d4fcf4c7d4707a78d1710463e329f.image"
                          output-url="file:/C:/DITA_sandbox/obj/html5/output/7d0d4fcf4c7d4707a78d1710463e329f.image"
                          id="d474e102"/>
   <gmap:graphic-map-item input-url="file:/C:/DITA_sandbox/core.build.tools.docs/src/src/splash/c80c08bede9d4841b58fc13c6007d932.image"
                          output-url="file:/C:/DITA_sandbox/obj/html5/output/c80c08bede9d4841b58fc13c6007d932.image"
                          id="d474e103"/>
   <gmap:graphic-map-item input-url="file:/C:/DITA_sandbox/core.build.tools.docs/src/src/splash/adb0bd0447b34f7ea2fb984f49f668a3.image"
                          output-url="file:/C:/DITA_sandbox/obj/html5/output/adb0bd0447b34f7ea2fb984f49f668a3.image"
                          id="d474e104"/>
   <gmap:graphic-map-item input-url="file:/C:/DITA_sandbox/core.build.tools.docs/src/src/splash/ac6762c671404a4bb40ec08c2e851b6d.image"
                          output-url="file:/C:/DITA_sandbox/obj/html5/output/ac6762c671404a4bb40ec08c2e851b6d.image"
                          id="d474e105"/>
   <gmap:graphic-map-item input-url="file:/C:/DITA_sandbox/core.build.tools.docs/src/src/splash/813632fff23d4b75a41c7f094aa0ae8c.image"
                          output-url="file:/C:/DITA_sandbox/obj/html5/output/813632fff23d4b75a41c7f094aa0ae8c.image"
                          id="d474e106"/>
   <gmap:graphic-map-item input-url="file:/C:/DITA_sandbox/core.build.tools.docs/src/src/splash/1ae485543ec742aca6b8ac2c1d46dd17.image"
                          output-url="file:/C:/DITA_sandbox/obj/html5/output/1ae485543ec742aca6b8ac2c1d46dd17.image"
                          id="d474e107"/>
   <gmap:graphic-map-item input-url="file:/C:/DITA_sandbox/core.build.tools.docs/src/src/splash/1accc37275714946a0993841492cb402.image"
                          output-url="file:/C:/DITA_sandbox/obj/html5/output/1accc37275714946a0993841492cb402.image"
                          id="d474e109"/>
   <gmap:graphic-map-item input-url="file:/C:/DITA_sandbox/core.build.tools.docs/src/src/splash/a9899761f8e84b8f9b063ad595f3c30e.image"
                          output-url="file:/C:/DITA_sandbox/obj/html5/output/a9899761f8e84b8f9b063ad595f3c30e.image"
                          id="d474e110"/>
   <gmap:graphic-map-item input-url="file:/C:/DITA_sandbox/core.build.tools.docs/src/src/splash/82b1b9ca98a044a29cb57429acdf2630.image"
                          output-url="file:/C:/DITA_sandbox/obj/html5/output/82b1b9ca98a044a29cb57429acdf2630.image"
                          id="d474e111"/>
   <gmap:graphic-map-item input-url="file:/C:/DITA_sandbox/core.build.tools.docs/src/src/splash/fc2861e164394acf9cb6f877c909eeef.image"
                          output-url="file:/C:/DITA_sandbox/obj/html5/output/fc2861e164394acf9cb6f877c909eeef.image"
                          id="d474e112"/>
   <gmap:graphic-map-item input-url="file:/C:/DITA_sandbox/core.build.tools.docs/src/src/splash/24166da3c7ff409c9344d7119b6c1c59.image"
                          output-url="file:/C:/DITA_sandbox/obj/html5/output/24166da3c7ff409c9344d7119b6c1c59.image"
                          id="d474e113"/>
   <gmap:graphic-map-item input-url="file:/C:/DITA_sandbox/core.build.tools.docs/src/src/splash/8922eb8c7d61495d980071539d95b822.image"
                          output-url="file:/C:/DITA_sandbox/obj/html5/output/8922eb8c7d61495d980071539d95b822.image"
                          id="d474e114"/>
   <gmap:graphic-map-item input-url="file:/C:/DITA_sandbox/core.build.tools.docs/src/src/splash/1bc2a8fba86341479bf5f243fead0645.image"
                          output-url="file:/C:/DITA_sandbox/obj/html5/output/1bc2a8fba86341479bf5f243fead0645.image"
                          id="d474e115"/>
   <gmap:graphic-map-item input-url="file:/C:/DITA_sandbox/core.build.tools.docs/src/src/splash/eae751fd582545f1875e42bd5e54d987.image"
                          output-url="file:/C:/DITA_sandbox/obj/html5/output/eae751fd582545f1875e42bd5e54d987.image"
                          id="d474e116"/>
   <gmap:graphic-map-item input-url="file:/C:/DITA_sandbox/core.build.tools.docs/src/src/splash/4f65a17d8e1f47a9a44e84bb83080162.image"
                          output-url="file:/C:/DITA_sandbox/obj/html5/output/4f65a17d8e1f47a9a44e84bb83080162.image"
                          id="d474e117"/>
   <gmap:graphic-map-item input-url="file:/C:/DITA_sandbox/core.build.tools.docs/src/src/splash/cb86bf0e9d454b059e688eef822ba796.image"
                          output-url="file:/C:/DITA_sandbox/obj/html5/output/cb86bf0e9d454b059e688eef822ba796.image"
                          id="d474e118"/>
   <gmap:graphic-map-item input-url="file:/C:/DITA_sandbox/core.build.tools.docs/src/src/splash/940363b5b660437ea52e5439008bbb84.image"
                          output-url="file:/C:/DITA_sandbox/obj/html5/output/940363b5b660437ea52e5439008bbb84.image"
                          id="d474e119"/>
   <gmap:graphic-map-item input-url="file:/C:/DITA_sandbox/core.build.tools.docs/src/src/splash/0a271112e8ea40dea7b84a477b800f67.image"
                          output-url="file:/C:/DITA_sandbox/obj/html5/output/0a271112e8ea40dea7b84a477b800f67.image"
                          id="d474e121"/>
   <gmap:graphic-map-item input-url="file:/C:/DITA_sandbox/core.build.tools.docs/src/src/splash/cdee0938764f4686bd6f63d8adf1db4f.image"
                          output-url="file:/C:/DITA_sandbox/obj/html5/output/cdee0938764f4686bd6f63d8adf1db4f.image"
                          id="d474e122"/>
   <gmap:graphic-map-item input-url="file:/C:/DITA_sandbox/core.build.tools.docs/src/src/splash/7a5025423a444d3ab191f1ebf4daa3f8.image"
                          output-url="file:/C:/DITA_sandbox/obj/html5/output/7a5025423a444d3ab191f1ebf4daa3f8.image"
                          id="d474e123"/>
   <gmap:graphic-map-item input-url="file:/C:/DITA_sandbox/core.build.tools.docs/src/src/splash/7111eb0efdfe464b9fe53faf94e96b91.image"
                          output-url="file:/C:/DITA_sandbox/obj/html5/output/7111eb0efdfe464b9fe53faf94e96b91.image"
                          id="d474e124"/>
   <gmap:graphic-map-item input-url="file:/C:/DITA_sandbox/core.build.tools.docs/src/src/splash/20dd6a20371c4dbbbe05410d1b41aa31.image"
                          output-url="file:/C:/DITA_sandbox/obj/html5/output/20dd6a20371c4dbbbe05410d1b41aa31.image"
                          id="d474e125"/>
   <gmap:graphic-map-item input-url="file:/C:/DITA_sandbox/core.build.tools.docs/src/src/splash/1bb9870983f44bcbae59f3b8a051abab.image"
                          output-url="file:/C:/DITA_sandbox/obj/html5/output/1bb9870983f44bcbae59f3b8a051abab.image"
                          id="d474e126"/>
   <gmap:graphic-map-item input-url="file:/C:/DITA_sandbox/core.build.tools.docs/src/src/splash/51e7d4dcecfd4500b200d20eca31a6a6.image"
                          output-url="file:/C:/DITA_sandbox/obj/html5/output/51e7d4dcecfd4500b200d20eca31a6a6.image"
                          id="d474e127"/>
   <gmap:graphic-map-item input-url="file:/C:/DITA_sandbox/core.build.tools.docs/src/src/splash/c9ea380688ef45b9aef388f9e5296e54.image"
                          output-url="file:/C:/DITA_sandbox/obj/html5/output/c9ea380688ef45b9aef388f9e5296e54.image"
                          id="d474e128"/>
   <gmap:graphic-map-item input-url="file:/C:/DITA_sandbox/core.build.tools.docs/src/src/splash/f4bf8f1458394ec19edfcd9c5faa6d95.image"
                          output-url="file:/C:/DITA_sandbox/obj/html5/output/f4bf8f1458394ec19edfcd9c5faa6d95.image"
                          id="d474e129"/>
   <gmap:graphic-map-item input-url="file:/C:/DITA_sandbox/core.build.tools.docs/src/src/splash/7f067e8785c0446eac3cbf9e9cf01c5d.image"
                          output-url="file:/C:/DITA_sandbox/obj/html5/output/7f067e8785c0446eac3cbf9e9cf01c5d.image"
                          id="d474e130"/>
</gmap:graphic-map>