<?xml version="1.0" encoding="UTF-8"?>
<gmap:graphic-map xmlns:gmap="http://dita4publishers/namespaces/graphic-input-to-output-map"
                  xmlns:xd="http://www.oxygenxml.com/ns/doc/xsl">
   <gmap:graphic-map-item input-url="file:/C:/DITA_sandbox/core.build.tools.docs/src/src/splash/PQaZqxVtln4?rel=0&amp;fs=1"
                          output-url="file:/C:/DITA_sandbox/obj/html5/output/PQaZqxVtln4?rel=0&amp;fs=1"
                          id="d466e1"/>
   <gmap:graphic-map-item input-url="file:/C:/DITA_sandbox/core.build.tools.docs/src/src/splash/GetStarted.png"
                          output-url="file:/C:/DITA_sandbox/obj/html5/output/GetStarted.png"
                          id="d466e2"/>
   <gmap:graphic-map-item input-url="file:/C:/DITA_sandbox/core.build.tools.docs/src/src/splash/Hka3_sWwHwI?rel=0&amp;fs=1"
                          output-url="file:/C:/DITA_sandbox/obj/html5/output/Hka3_sWwHwI?rel=0&amp;fs=1"
                          id="d466e3"/>
   <gmap:graphic-map-item input-url="file:/C:/DITA_sandbox/core.build.tools.docs/src/src/splash/Prototype.png"
                          output-url="file:/C:/DITA_sandbox/obj/html5/output/Prototype.png"
                          id="d466e4"/>
   <gmap:graphic-map-item input-url="file:/C:/DITA_sandbox/core.build.tools.docs/src/src/splash/Z8BMghLixvE?rel=0&amp;fs=1"
                          output-url="file:/C:/DITA_sandbox/obj/html5/output/Z8BMghLixvE?rel=0&amp;fs=1"
                          id="d466e5"/>
   <gmap:graphic-map-item input-url="file:/C:/DITA_sandbox/core.build.tools.docs/src/src/splash/CreatingUser.png"
                          output-url="file:/C:/DITA_sandbox/obj/html5/output/CreatingUser.png"
                          id="d466e6"/>
   <gmap:graphic-map-item input-url="file:/C:/DITA_sandbox/core.build.tools.docs/src/src/splash/vZHxsHzefz0?rel=0&amp;fs=1"
                          output-url="file:/C:/DITA_sandbox/obj/html5/output/vZHxsHzefz0?rel=0&amp;fs=1"
                          id="d466e7"/>
   <gmap:graphic-map-item input-url="file:/C:/DITA_sandbox/core.build.tools.docs/src/src/splash/DataModels.png"
                          output-url="file:/C:/DITA_sandbox/obj/html5/output/DataModels.png"
                          id="d466e8"/>
   <gmap:graphic-map-item input-url="file:/C:/DITA_sandbox/core.build.tools.docs/src/src/splash/RPrYT4zXa3U?rel=0&amp;fs=1"
                          output-url="file:/C:/DITA_sandbox/obj/html5/output/RPrYT4zXa3U?rel=0&amp;fs=1"
                          id="d466e9"/>
   <gmap:graphic-map-item input-url="file:/C:/DITA_sandbox/core.build.tools.docs/src/src/splash/UsingSmartTemplateBig.png"
                          output-url="file:/C:/DITA_sandbox/obj/html5/output/UsingSmartTemplateBig.png"
                          id="d466e10"/>
   <gmap:graphic-map-item input-url="file:/C:/DITA_sandbox/core.build.tools.docs/src/src/splash/7ae3d2308ad641eb812edb7fde4b133b.image"
                          output-url="file:/C:/DITA_sandbox/obj/html5/output/7ae3d2308ad641eb812edb7fde4b133b.image"
                          id="d466e11"/>
   <gmap:graphic-map-item input-url="file:/C:/DITA_sandbox/core.build.tools.docs/src/src/splash/8971baae3c0345559a11dc6f81f16348.image"
                          output-url="file:/C:/DITA_sandbox/obj/html5/output/8971baae3c0345559a11dc6f81f16348.image"
                          id="d466e13"/>
   <gmap:graphic-map-item input-url="file:/C:/DITA_sandbox/core.build.tools.docs/src/src/splash/4e9db078b04a4cd89ccd3580d378017a.image"
                          output-url="file:/C:/DITA_sandbox/obj/html5/output/4e9db078b04a4cd89ccd3580d378017a.image"
                          id="d466e14"/>
   <gmap:graphic-map-item input-url="file:/C:/DITA_sandbox/core.build.tools.docs/src/src/splash/e31235c5474d449983a46f40c70b80e1.image"
                          output-url="file:/C:/DITA_sandbox/obj/html5/output/e31235c5474d449983a46f40c70b80e1.image"
                          id="d466e15"/>
   <gmap:graphic-map-item input-url="file:/C:/DITA_sandbox/core.build.tools.docs/src/src/splash/9d51a9561e2b4475a5643134f005fc83.image"
                          output-url="file:/C:/DITA_sandbox/obj/html5/output/9d51a9561e2b4475a5643134f005fc83.image"
                          id="d466e16"/>
   <gmap:graphic-map-item input-url="file:/C:/DITA_sandbox/core.build.tools.docs/src/src/splash/5741bef7d5d347e7bb9fec9c3c0012b5.image"
                          output-url="file:/C:/DITA_sandbox/obj/html5/output/5741bef7d5d347e7bb9fec9c3c0012b5.image"
                          id="d466e17"/>
   <gmap:graphic-map-item input-url="file:/C:/DITA_sandbox/core.build.tools.docs/src/src/splash/6c84cae5755848ffb5db17bc647811b0.image"
                          output-url="file:/C:/DITA_sandbox/obj/html5/output/6c84cae5755848ffb5db17bc647811b0.image"
                          id="d466e18"/>
   <gmap:graphic-map-item input-url="file:/C:/DITA_sandbox/core.build.tools.docs/src/src/splash/e5151b084d12476ca29396202ae37d21.image"
                          output-url="file:/C:/DITA_sandbox/obj/html5/output/e5151b084d12476ca29396202ae37d21.image"
                          id="d466e19"/>
   <gmap:graphic-map-item input-url="file:/C:/DITA_sandbox/core.build.tools.docs/src/src/splash/2097f3c75b044c8692e7b9f9b61bbfe7.image"
                          output-url="file:/C:/DITA_sandbox/obj/html5/output/2097f3c75b044c8692e7b9f9b61bbfe7.image"
                          id="d466e20"/>
   <gmap:graphic-map-item input-url="file:/C:/DITA_sandbox/core.build.tools.docs/src/src/splash/60882ad0b7764e4a93964f755701ecd9.image"
                          output-url="file:/C:/DITA_sandbox/obj/html5/output/60882ad0b7764e4a93964f755701ecd9.image"
                          id="d466e21"/>
   <gmap:graphic-map-item input-url="file:/C:/DITA_sandbox/core.build.tools.docs/src/src/splash/85dea03af4eb49519507e9c9746cc4a0.image"
                          output-url="file:/C:/DITA_sandbox/obj/html5/output/85dea03af4eb49519507e9c9746cc4a0.image"
                          id="d466e22"/>
   <gmap:graphic-map-item input-url="file:/C:/DITA_sandbox/core.build.tools.docs/src/src/splash/5b7935e077fc49659899ee6e2087773a.image"
                          output-url="file:/C:/DITA_sandbox/obj/html5/output/5b7935e077fc49659899ee6e2087773a.image"
                          id="d466e23"/>
   <gmap:graphic-map-item input-url="file:/C:/DITA_sandbox/core.build.tools.docs/src/src/splash/d651395df4a0466faad98a5683b90c2c.image"
                          output-url="file:/C:/DITA_sandbox/obj/html5/output/d651395df4a0466faad98a5683b90c2c.image"
                          id="d466e25"/>
   <gmap:graphic-map-item input-url="file:/C:/DITA_sandbox/core.build.tools.docs/src/src/splash/5b16f8d66e5b41af8de718384081aa16.image"
                          output-url="file:/C:/DITA_sandbox/obj/html5/output/5b16f8d66e5b41af8de718384081aa16.image"
                          id="d466e26"/>
   <gmap:graphic-map-item input-url="file:/C:/DITA_sandbox/core.build.tools.docs/src/src/splash/890e8f00b14141118a9ebc5ddb8f5636.image"
                          output-url="file:/C:/DITA_sandbox/obj/html5/output/890e8f00b14141118a9ebc5ddb8f5636.image"
                          id="d466e27"/>
   <gmap:graphic-map-item input-url="file:/C:/DITA_sandbox/core.build.tools.docs/src/src/splash/9ce37b9315c242dc8e84b772681577e1.image"
                          output-url="file:/C:/DITA_sandbox/obj/html5/output/9ce37b9315c242dc8e84b772681577e1.image"
                          id="d466e28"/>
   <gmap:graphic-map-item input-url="file:/C:/DITA_sandbox/core.build.tools.docs/src/src/splash/65eafcd161a441f28e27ffc00efe1d2d.image"
                          output-url="file:/C:/DITA_sandbox/obj/html5/output/65eafcd161a441f28e27ffc00efe1d2d.image"
                          id="d466e29"/>
   <gmap:graphic-map-item input-url="file:/C:/DITA_sandbox/core.build.tools.docs/src/src/splash/4a65366eb48f4a33bd82c0ca1d981d5a.image"
                          output-url="file:/C:/DITA_sandbox/obj/html5/output/4a65366eb48f4a33bd82c0ca1d981d5a.image"
                          id="d466e30"/>
   <gmap:graphic-map-item input-url="file:/C:/DITA_sandbox/core.build.tools.docs/src/src/splash/37fa345c48744e9c8d73a5f8e4fe14ee.image"
                          output-url="file:/C:/DITA_sandbox/obj/html5/output/37fa345c48744e9c8d73a5f8e4fe14ee.image"
                          id="d466e31"/>
   <gmap:graphic-map-item input-url="file:/C:/DITA_sandbox/core.build.tools.docs/src/src/splash/0c2440c23df248eda3ca621327055259.image"
                          output-url="file:/C:/DITA_sandbox/obj/html5/output/0c2440c23df248eda3ca621327055259.image"
                          id="d466e32"/>
   <gmap:graphic-map-item input-url="file:/C:/DITA_sandbox/core.build.tools.docs/src/src/splash/a9658655e4454656b802fb30bebcd83d.image"
                          output-url="file:/C:/DITA_sandbox/obj/html5/output/a9658655e4454656b802fb30bebcd83d.image"
                          id="d466e33"/>
   <gmap:graphic-map-item input-url="file:/C:/DITA_sandbox/core.build.tools.docs/src/src/splash/d0d034f09a804b989c646e0c5c0fa99f.image"
                          output-url="file:/C:/DITA_sandbox/obj/html5/output/d0d034f09a804b989c646e0c5c0fa99f.image"
                          id="d466e34"/>
   <gmap:graphic-map-item input-url="file:/C:/DITA_sandbox/core.build.tools.docs/src/src/splash/d1d317d54f704186ade28346c295be19.image"
                          output-url="file:/C:/DITA_sandbox/obj/html5/output/d1d317d54f704186ade28346c295be19.image"
                          id="d466e35"/>
   <gmap:graphic-map-item input-url="file:/C:/DITA_sandbox/core.build.tools.docs/src/src/splash/a0ef66c0038d4631a410760ca22764eb.image"
                          output-url="file:/C:/DITA_sandbox/obj/html5/output/a0ef66c0038d4631a410760ca22764eb.image"
                          id="d466e37"/>
   <gmap:graphic-map-item input-url="file:/C:/DITA_sandbox/core.build.tools.docs/src/src/splash/a38645d5cd44463b8f903c868cf896a4.image"
                          output-url="file:/C:/DITA_sandbox/obj/html5/output/a38645d5cd44463b8f903c868cf896a4.image"
                          id="d466e38"/>
   <gmap:graphic-map-item input-url="file:/C:/DITA_sandbox/core.build.tools.docs/src/src/splash/bfec6dc957494bda8bc846179fb765b4.image"
                          output-url="file:/C:/DITA_sandbox/obj/html5/output/bfec6dc957494bda8bc846179fb765b4.image"
                          id="d466e39"/>
   <gmap:graphic-map-item input-url="file:/C:/DITA_sandbox/core.build.tools.docs/src/src/splash/259b3e33744e4eafbd5fd03c87f77d8a.image"
                          output-url="file:/C:/DITA_sandbox/obj/html5/output/259b3e33744e4eafbd5fd03c87f77d8a.image"
                          id="d466e40"/>
   <gmap:graphic-map-item input-url="file:/C:/DITA_sandbox/core.build.tools.docs/src/src/splash/060efe687a234e34ad7ccc59d5f16846.image"
                          output-url="file:/C:/DITA_sandbox/obj/html5/output/060efe687a234e34ad7ccc59d5f16846.image"
                          id="d466e41"/>
   <gmap:graphic-map-item input-url="file:/C:/DITA_sandbox/core.build.tools.docs/src/src/splash/30fe9192629847c79093bb0a33fa6ee2.image"
                          output-url="file:/C:/DITA_sandbox/obj/html5/output/30fe9192629847c79093bb0a33fa6ee2.image"
                          id="d466e42"/>
   <gmap:graphic-map-item input-url="file:/C:/DITA_sandbox/core.build.tools.docs/src/src/splash/d4c3082713184d27a4eac7582a58ac0b.image"
                          output-url="file:/C:/DITA_sandbox/obj/html5/output/d4c3082713184d27a4eac7582a58ac0b.image"
                          id="d466e43"/>
   <gmap:graphic-map-item input-url="file:/C:/DITA_sandbox/core.build.tools.docs/src/src/splash/de07865371664545b7551028a516d1c6.image"
                          output-url="file:/C:/DITA_sandbox/obj/html5/output/de07865371664545b7551028a516d1c6.image"
                          id="d466e44"/>
   <gmap:graphic-map-item input-url="file:/C:/DITA_sandbox/core.build.tools.docs/src/src/splash/61ec1a0d3c534a55b702155534d690fe.image"
                          output-url="file:/C:/DITA_sandbox/obj/html5/output/61ec1a0d3c534a55b702155534d690fe.image"
                          id="d466e45"/>
   <gmap:graphic-map-item input-url="file:/C:/DITA_sandbox/core.build.tools.docs/src/src/splash/c83bfaeef04a4f4aa32a5a5fb85a700b.image"
                          output-url="file:/C:/DITA_sandbox/obj/html5/output/c83bfaeef04a4f4aa32a5a5fb85a700b.image"
                          id="d466e46"/>
   <gmap:graphic-map-item input-url="file:/C:/DITA_sandbox/core.build.tools.docs/src/src/splash/99c8ff8d34904b33810680b92aa80390.image"
                          output-url="file:/C:/DITA_sandbox/obj/html5/output/99c8ff8d34904b33810680b92aa80390.image"
                          id="d466e47"/>
   <gmap:graphic-map-item input-url="file:/C:/DITA_sandbox/core.build.tools.docs/src/src/splash/fc2861e164394acf9cb6f877c909eeef.image"
                          output-url="file:/C:/DITA_sandbox/obj/html5/output/fc2861e164394acf9cb6f877c909eeef.image"
                          id="d466e49"/>
   <gmap:graphic-map-item input-url="file:/C:/DITA_sandbox/core.build.tools.docs/src/src/splash/af29bee4813c4a618223be27a67c33fb.image"
                          output-url="file:/C:/DITA_sandbox/obj/html5/output/af29bee4813c4a618223be27a67c33fb.image"
                          id="d466e50"/>
   <gmap:graphic-map-item input-url="file:/C:/DITA_sandbox/core.build.tools.docs/src/src/splash/2fc1bf04bb6e4cebb2605214201e2c4b.image"
                          output-url="file:/C:/DITA_sandbox/obj/html5/output/2fc1bf04bb6e4cebb2605214201e2c4b.image"
                          id="d466e51"/>
   <gmap:graphic-map-item input-url="file:/C:/DITA_sandbox/core.build.tools.docs/src/src/splash/cb86bf0e9d454b059e688eef822ba796.image"
                          output-url="file:/C:/DITA_sandbox/obj/html5/output/cb86bf0e9d454b059e688eef822ba796.image"
                          id="d466e52"/>
   <gmap:graphic-map-item input-url="file:/C:/DITA_sandbox/core.build.tools.docs/src/src/splash/64142fc23361492eb688110f11428a41.image"
                          output-url="file:/C:/DITA_sandbox/obj/html5/output/64142fc23361492eb688110f11428a41.image"
                          id="d466e53"/>
   <gmap:graphic-map-item input-url="file:/C:/DITA_sandbox/core.build.tools.docs/src/src/splash/40fd90accb2e455bbf58e4ae0a8ce5a2.image"
                          output-url="file:/C:/DITA_sandbox/obj/html5/output/40fd90accb2e455bbf58e4ae0a8ce5a2.image"
                          id="d466e54"/>
   <gmap:graphic-map-item input-url="file:/C:/DITA_sandbox/core.build.tools.docs/src/src/splash/f3424b3795814f19bd1a3e95951f210b.image"
                          output-url="file:/C:/DITA_sandbox/obj/html5/output/f3424b3795814f19bd1a3e95951f210b.image"
                          id="d466e55"/>
   <gmap:graphic-map-item input-url="file:/C:/DITA_sandbox/core.build.tools.docs/src/src/splash/8d6478b4d88145f28af33de15fc431da.image"
                          output-url="file:/C:/DITA_sandbox/obj/html5/output/8d6478b4d88145f28af33de15fc431da.image"
                          id="d466e56"/>
   <gmap:graphic-map-item input-url="file:/C:/DITA_sandbox/core.build.tools.docs/src/src/splash/c9a767f834f549e59a86470649a8256b.image"
                          output-url="file:/C:/DITA_sandbox/obj/html5/output/c9a767f834f549e59a86470649a8256b.image"
                          id="d466e57"/>
   <gmap:graphic-map-item input-url="file:/C:/DITA_sandbox/core.build.tools.docs/src/src/splash/ba4179bea1644161b65f688fc3ca45ee.image"
                          output-url="file:/C:/DITA_sandbox/obj/html5/output/ba4179bea1644161b65f688fc3ca45ee.image"
                          id="d466e58"/>
   <gmap:graphic-map-item input-url="file:/C:/DITA_sandbox/core.build.tools.docs/src/src/splash/dd09d42492684ef3a557b8dbbaa06ef6.image"
                          output-url="file:/C:/DITA_sandbox/obj/html5/output/dd09d42492684ef3a557b8dbbaa06ef6.image"
                          id="d466e59"/>
   <gmap:graphic-map-item input-url="file:/C:/DITA_sandbox/core.build.tools.docs/src/src/splash/8a427ffcb3f2474ab91fafdcf0a9ff27.image"
                          output-url="file:/C:/DITA_sandbox/obj/html5/output/8a427ffcb3f2474ab91fafdcf0a9ff27.image"
                          id="d466e61"/>
   <gmap:graphic-map-item input-url="file:/C:/DITA_sandbox/core.build.tools.docs/src/src/splash/207e7b7dcdb54b91bb43706526857504.image"
                          output-url="file:/C:/DITA_sandbox/obj/html5/output/207e7b7dcdb54b91bb43706526857504.image"
                          id="d466e62"/>
   <gmap:graphic-map-item input-url="file:/C:/DITA_sandbox/core.build.tools.docs/src/src/splash/0b93ff5192204fe2b87197bdd92594a8.image"
                          output-url="file:/C:/DITA_sandbox/obj/html5/output/0b93ff5192204fe2b87197bdd92594a8.image"
                          id="d466e63"/>
   <gmap:graphic-map-item input-url="file:/C:/DITA_sandbox/core.build.tools.docs/src/src/splash/4ff6d2daf8c742e39eb8c0d9797cb7e9.image"
                          output-url="file:/C:/DITA_sandbox/obj/html5/output/4ff6d2daf8c742e39eb8c0d9797cb7e9.image"
                          id="d466e64"/>
   <gmap:graphic-map-item input-url="file:/C:/DITA_sandbox/core.build.tools.docs/src/src/splash/631108d3d6df44b1b1eb07a4f20b5648.image"
                          output-url="file:/C:/DITA_sandbox/obj/html5/output/631108d3d6df44b1b1eb07a4f20b5648.image"
                          id="d466e65"/>
   <gmap:graphic-map-item input-url="file:/C:/DITA_sandbox/core.build.tools.docs/src/src/splash/8809a0d187d6485da61daa9f41a5c487.image"
                          output-url="file:/C:/DITA_sandbox/obj/html5/output/8809a0d187d6485da61daa9f41a5c487.image"
                          id="d466e66"/>
   <gmap:graphic-map-item input-url="file:/C:/DITA_sandbox/core.build.tools.docs/src/src/splash/0465b654680e4d108f49c1cab17dbadf.image"
                          output-url="file:/C:/DITA_sandbox/obj/html5/output/0465b654680e4d108f49c1cab17dbadf.image"
                          id="d466e67"/>
   <gmap:graphic-map-item input-url="file:/C:/DITA_sandbox/core.build.tools.docs/src/src/splash/3dc0c7a284d84d449d02abb680b7d0b0.image"
                          output-url="file:/C:/DITA_sandbox/obj/html5/output/3dc0c7a284d84d449d02abb680b7d0b0.image"
                          id="d466e68"/>
   <gmap:graphic-map-item input-url="file:/C:/DITA_sandbox/core.build.tools.docs/src/src/splash/a2ce58ed0b4c46f18b18334887de14a0.image"
                          output-url="file:/C:/DITA_sandbox/obj/html5/output/a2ce58ed0b4c46f18b18334887de14a0.image"
                          id="d466e69"/>
   <gmap:graphic-map-item input-url="file:/C:/DITA_sandbox/core.build.tools.docs/src/src/splash/ca9763b004124469b5665bf375b315ac.image"
                          output-url="file:/C:/DITA_sandbox/obj/html5/output/ca9763b004124469b5665bf375b315ac.image"
                          id="d466e70"/>
   <gmap:graphic-map-item input-url="file:/C:/DITA_sandbox/core.build.tools.docs/src/src/splash/2a1a47f3cb984ffa87af0e68d4d44d4d.image"
                          output-url="file:/C:/DITA_sandbox/obj/html5/output/2a1a47f3cb984ffa87af0e68d4d44d4d.image"
                          id="d466e71"/>
   <gmap:graphic-map-item input-url="file:/C:/DITA_sandbox/core.build.tools.docs/src/src/splash/a103b8be483940caa5977ea36b48464e.image"
                          output-url="file:/C:/DITA_sandbox/obj/html5/output/a103b8be483940caa5977ea36b48464e.image"
                          id="d466e73"/>
   <gmap:graphic-map-item input-url="file:/C:/DITA_sandbox/core.build.tools.docs/src/src/splash/d8ad4f75bb7c40399d687138b8dc95c2.image"
                          output-url="file:/C:/DITA_sandbox/obj/html5/output/d8ad4f75bb7c40399d687138b8dc95c2.image"
                          id="d466e74"/>
   <gmap:graphic-map-item input-url="file:/C:/DITA_sandbox/core.build.tools.docs/src/src/splash/195861f2ee164e9aba3359c80a0a2f5d.image"
                          output-url="file:/C:/DITA_sandbox/obj/html5/output/195861f2ee164e9aba3359c80a0a2f5d.image"
                          id="d466e75"/>
   <gmap:graphic-map-item input-url="file:/C:/DITA_sandbox/core.build.tools.docs/src/src/splash/b914cb711d3748c98b30f8ce08bee72d.image"
                          output-url="file:/C:/DITA_sandbox/obj/html5/output/b914cb711d3748c98b30f8ce08bee72d.image"
                          id="d466e76"/>
   <gmap:graphic-map-item input-url="file:/C:/DITA_sandbox/core.build.tools.docs/src/src/splash/816d1afc1d94458db7ee3417a45cbb38.image"
                          output-url="file:/C:/DITA_sandbox/obj/html5/output/816d1afc1d94458db7ee3417a45cbb38.image"
                          id="d466e77"/>
   <gmap:graphic-map-item input-url="file:/C:/DITA_sandbox/core.build.tools.docs/src/src/splash/fdd99ff2011a47759a8229b274794e6f.image"
                          output-url="file:/C:/DITA_sandbox/obj/html5/output/fdd99ff2011a47759a8229b274794e6f.image"
                          id="d466e78"/>
   <gmap:graphic-map-item input-url="file:/C:/DITA_sandbox/core.build.tools.docs/src/src/splash/7032fd8b8a664abbb3a21c79b468e97f.image"
                          output-url="file:/C:/DITA_sandbox/obj/html5/output/7032fd8b8a664abbb3a21c79b468e97f.image"
                          id="d466e79"/>
   <gmap:graphic-map-item input-url="file:/C:/DITA_sandbox/core.build.tools.docs/src/src/splash/2b80f511de8749dba2c8372bb55839d8.image"
                          output-url="file:/C:/DITA_sandbox/obj/html5/output/2b80f511de8749dba2c8372bb55839d8.image"
                          id="d466e80"/>
   <gmap:graphic-map-item input-url="file:/C:/DITA_sandbox/core.build.tools.docs/src/src/splash/1e4f1134996a4c7ba649c55b38ea8bd2.image"
                          output-url="file:/C:/DITA_sandbox/obj/html5/output/1e4f1134996a4c7ba649c55b38ea8bd2.image"
                          id="d466e81"/>
   <gmap:graphic-map-item input-url="file:/C:/DITA_sandbox/core.build.tools.docs/src/src/splash/e83df67e66d3463792e09ac6e8b20738.image"
                          output-url="file:/C:/DITA_sandbox/obj/html5/output/e83df67e66d3463792e09ac6e8b20738.image"
                          id="d466e82"/>
   <gmap:graphic-map-item input-url="file:/C:/DITA_sandbox/core.build.tools.docs/src/src/splash/0f5a28fc2fce41ba89d122396e0efe39.image"
                          output-url="file:/C:/DITA_sandbox/obj/html5/output/0f5a28fc2fce41ba89d122396e0efe39.image"
                          id="d466e83"/>
   <gmap:graphic-map-item input-url="file:/C:/DITA_sandbox/core.build.tools.docs/src/src/splash/fa609ba5016e4d369fbeeb1fca384120.image"
                          output-url="file:/C:/DITA_sandbox/obj/html5/output/fa609ba5016e4d369fbeeb1fca384120.image"
                          id="d466e85"/>
   <gmap:graphic-map-item input-url="file:/C:/DITA_sandbox/core.build.tools.docs/src/src/splash/225a0a8b3895424aadc1b3712a4ec992.image"
                          output-url="file:/C:/DITA_sandbox/obj/html5/output/225a0a8b3895424aadc1b3712a4ec992.image"
                          id="d466e86"/>
   <gmap:graphic-map-item input-url="file:/C:/DITA_sandbox/core.build.tools.docs/src/src/splash/415f14ae42d74c62840e1e7b3c55a72d.image"
                          output-url="file:/C:/DITA_sandbox/obj/html5/output/415f14ae42d74c62840e1e7b3c55a72d.image"
                          id="d466e87"/>
   <gmap:graphic-map-item input-url="file:/C:/DITA_sandbox/core.build.tools.docs/src/src/splash/858c45fb8cbc440bbdb4516a1b314599.image"
                          output-url="file:/C:/DITA_sandbox/obj/html5/output/858c45fb8cbc440bbdb4516a1b314599.image"
                          id="d466e88"/>
   <gmap:graphic-map-item input-url="file:/C:/DITA_sandbox/core.build.tools.docs/src/src/splash/fd3fbfb3c9914e8e80365d1b613a00c7.image"
                          output-url="file:/C:/DITA_sandbox/obj/html5/output/fd3fbfb3c9914e8e80365d1b613a00c7.image"
                          id="d466e89"/>
   <gmap:graphic-map-item input-url="file:/C:/DITA_sandbox/core.build.tools.docs/src/src/splash/349b7c9f8c0a44f9913a854d59e76012.image"
                          output-url="file:/C:/DITA_sandbox/obj/html5/output/349b7c9f8c0a44f9913a854d59e76012.image"
                          id="d466e90"/>
   <gmap:graphic-map-item input-url="file:/C:/DITA_sandbox/core.build.tools.docs/src/src/splash/6ca627a107a64d7099b874c526828f3d.image"
                          output-url="file:/C:/DITA_sandbox/obj/html5/output/6ca627a107a64d7099b874c526828f3d.image"
                          id="d466e91"/>
   <gmap:graphic-map-item input-url="file:/C:/DITA_sandbox/core.build.tools.docs/src/src/splash/9d7cb6342aba4beb94e70f5f550968b9.image"
                          output-url="file:/C:/DITA_sandbox/obj/html5/output/9d7cb6342aba4beb94e70f5f550968b9.image"
                          id="d466e92"/>
   <gmap:graphic-map-item input-url="file:/C:/DITA_sandbox/core.build.tools.docs/src/src/splash/395e4364174e44f893336a6e89bed552.image"
                          output-url="file:/C:/DITA_sandbox/obj/html5/output/395e4364174e44f893336a6e89bed552.image"
                          id="d466e93"/>
   <gmap:graphic-map-item input-url="file:/C:/DITA_sandbox/core.build.tools.docs/src/src/splash/30a9cfb7953f4917bfc19655d18ed65e.image"
                          output-url="file:/C:/DITA_sandbox/obj/html5/output/30a9cfb7953f4917bfc19655d18ed65e.image"
                          id="d466e94"/>
   <gmap:graphic-map-item input-url="file:/C:/DITA_sandbox/core.build.tools.docs/src/src/splash/c9b0c251b9844cf4b6fd6323ba0a5855.image"
                          output-url="file:/C:/DITA_sandbox/obj/html5/output/c9b0c251b9844cf4b6fd6323ba0a5855.image"
                          id="d466e95"/>
   <gmap:graphic-map-item input-url="file:/C:/DITA_sandbox/core.build.tools.docs/src/src/splash/c451a000af0648dba53a7ed941e0a4cd.image"
                          output-url="file:/C:/DITA_sandbox/obj/html5/output/c451a000af0648dba53a7ed941e0a4cd.image"
                          id="d466e97"/>
   <gmap:graphic-map-item input-url="file:/C:/DITA_sandbox/core.build.tools.docs/src/src/splash/ca1a13734126415e88c6e3a1cd88e446.image"
                          output-url="file:/C:/DITA_sandbox/obj/html5/output/ca1a13734126415e88c6e3a1cd88e446.image"
                          id="d466e98"/>
   <gmap:graphic-map-item input-url="file:/C:/DITA_sandbox/core.build.tools.docs/src/src/splash/06d0ee96833a48b692a7a14caaac1150.image"
                          output-url="file:/C:/DITA_sandbox/obj/html5/output/06d0ee96833a48b692a7a14caaac1150.image"
                          id="d466e99"/>
   <gmap:graphic-map-item input-url="file:/C:/DITA_sandbox/core.build.tools.docs/src/src/splash/1890d374cf2848448530b20a8cfcd218.image"
                          output-url="file:/C:/DITA_sandbox/obj/html5/output/1890d374cf2848448530b20a8cfcd218.image"
                          id="d466e100"/>
   <gmap:graphic-map-item input-url="file:/C:/DITA_sandbox/core.build.tools.docs/src/src/splash/4bf6b4f5d18247ef93fd4824ccf056d5.image"
                          output-url="file:/C:/DITA_sandbox/obj/html5/output/4bf6b4f5d18247ef93fd4824ccf056d5.image"
                          id="d466e101"/>
   <gmap:graphic-map-item input-url="file:/C:/DITA_sandbox/core.build.tools.docs/src/src/splash/df9431597ab946969f3064774d55cef5.image"
                          output-url="file:/C:/DITA_sandbox/obj/html5/output/df9431597ab946969f3064774d55cef5.image"
                          id="d466e102"/>
   <gmap:graphic-map-item input-url="file:/C:/DITA_sandbox/core.build.tools.docs/src/src/splash/2b2cca5969774de592fd06fd8956385a.image"
                          output-url="file:/C:/DITA_sandbox/obj/html5/output/2b2cca5969774de592fd06fd8956385a.image"
                          id="d466e103"/>
   <gmap:graphic-map-item input-url="file:/C:/DITA_sandbox/core.build.tools.docs/src/src/splash/058347a95d524e63b66c207690fdb300.image"
                          output-url="file:/C:/DITA_sandbox/obj/html5/output/058347a95d524e63b66c207690fdb300.image"
                          id="d466e104"/>
   <gmap:graphic-map-item input-url="file:/C:/DITA_sandbox/core.build.tools.docs/src/src/splash/b9803c07267b4fc29962d7bce27d2a89.image"
                          output-url="file:/C:/DITA_sandbox/obj/html5/output/b9803c07267b4fc29962d7bce27d2a89.image"
                          id="d466e105"/>
   <gmap:graphic-map-item input-url="file:/C:/DITA_sandbox/core.build.tools.docs/src/src/splash/79b50b2ec6924bc49223b96e2fd13981.image"
                          output-url="file:/C:/DITA_sandbox/obj/html5/output/79b50b2ec6924bc49223b96e2fd13981.image"
                          id="d466e106"/>
   <gmap:graphic-map-item input-url="file:/C:/DITA_sandbox/core.build.tools.docs/src/src/splash/fca897f5abcb42d2811fcf6047428aec.image"
                          output-url="file:/C:/DITA_sandbox/obj/html5/output/fca897f5abcb42d2811fcf6047428aec.image"
                          id="d466e107"/>
   <gmap:graphic-map-item input-url="file:/C:/DITA_sandbox/core.build.tools.docs/src/src/splash/e346561241ea4c419289346bb0686c1e.image"
                          output-url="file:/C:/DITA_sandbox/obj/html5/output/e346561241ea4c419289346bb0686c1e.image"
                          id="d466e109"/>
   <gmap:graphic-map-item input-url="file:/C:/DITA_sandbox/core.build.tools.docs/src/src/splash/3504132e7afb497daf336d6605dece02.image"
                          output-url="file:/C:/DITA_sandbox/obj/html5/output/3504132e7afb497daf336d6605dece02.image"
                          id="d466e110"/>
   <gmap:graphic-map-item input-url="file:/C:/DITA_sandbox/core.build.tools.docs/src/src/splash/905978c34ef94c41899f83b02ffd3ffc.image"
                          output-url="file:/C:/DITA_sandbox/obj/html5/output/905978c34ef94c41899f83b02ffd3ffc.image"
                          id="d466e111"/>
   <gmap:graphic-map-item input-url="file:/C:/DITA_sandbox/core.build.tools.docs/src/src/splash/d33d217cd3df4487b82b364a725c9c05.image"
                          output-url="file:/C:/DITA_sandbox/obj/html5/output/d33d217cd3df4487b82b364a725c9c05.image"
                          id="d466e112"/>
   <gmap:graphic-map-item input-url="file:/C:/DITA_sandbox/core.build.tools.docs/src/src/splash/733504de9f8d4e689ebb7c1b6f6b6ae1.image"
                          output-url="file:/C:/DITA_sandbox/obj/html5/output/733504de9f8d4e689ebb7c1b6f6b6ae1.image"
                          id="d466e113"/>
   <gmap:graphic-map-item input-url="file:/C:/DITA_sandbox/core.build.tools.docs/src/src/splash/382d4146440d4653bb9a6f3a74e9bfa0.image"
                          output-url="file:/C:/DITA_sandbox/obj/html5/output/382d4146440d4653bb9a6f3a74e9bfa0.image"
                          id="d466e114"/>
   <gmap:graphic-map-item input-url="file:/C:/DITA_sandbox/core.build.tools.docs/src/src/splash/6c587cf5ddcf49c0abd482aa02beb1af.image"
                          output-url="file:/C:/DITA_sandbox/obj/html5/output/6c587cf5ddcf49c0abd482aa02beb1af.image"
                          id="d466e115"/>
   <gmap:graphic-map-item input-url="file:/C:/DITA_sandbox/core.build.tools.docs/src/src/splash/e17ca7f530e54ddea30e4d780d7430f0.image"
                          output-url="file:/C:/DITA_sandbox/obj/html5/output/e17ca7f530e54ddea30e4d780d7430f0.image"
                          id="d466e116"/>
   <gmap:graphic-map-item input-url="file:/C:/DITA_sandbox/core.build.tools.docs/src/src/splash/d5a2947a8e694665bb772fc14cb94da0.image"
                          output-url="file:/C:/DITA_sandbox/obj/html5/output/d5a2947a8e694665bb772fc14cb94da0.image"
                          id="d466e117"/>
   <gmap:graphic-map-item input-url="file:/C:/DITA_sandbox/core.build.tools.docs/src/src/splash/d58e0beaae0f4037ac155d362e65415c.image"
                          output-url="file:/C:/DITA_sandbox/obj/html5/output/d58e0beaae0f4037ac155d362e65415c.image"
                          id="d466e118"/>
   <gmap:graphic-map-item input-url="file:/C:/DITA_sandbox/core.build.tools.docs/src/src/splash/d7623f8539f64e998f39aa77a07c0b3a.image"
                          output-url="file:/C:/DITA_sandbox/obj/html5/output/d7623f8539f64e998f39aa77a07c0b3a.image"
                          id="d466e119"/>
   <gmap:graphic-map-item input-url="file:/C:/DITA_sandbox/core.build.tools.docs/src/src/splash/ef345ac6a54f4b5eb2f91689ce3f896e.image"
                          output-url="file:/C:/DITA_sandbox/obj/html5/output/ef345ac6a54f4b5eb2f91689ce3f896e.image"
                          id="d466e121"/>
   <gmap:graphic-map-item input-url="file:/C:/DITA_sandbox/core.build.tools.docs/src/src/splash/916213762b6e4ef287c804967df466f9.image"
                          output-url="file:/C:/DITA_sandbox/obj/html5/output/916213762b6e4ef287c804967df466f9.image"
                          id="d466e122"/>
   <gmap:graphic-map-item input-url="file:/C:/DITA_sandbox/core.build.tools.docs/src/src/splash/c9ea380688ef45b9aef388f9e5296e54.image"
                          output-url="file:/C:/DITA_sandbox/obj/html5/output/c9ea380688ef45b9aef388f9e5296e54.image"
                          id="d466e123"/>
   <gmap:graphic-map-item input-url="file:/C:/DITA_sandbox/core.build.tools.docs/src/src/splash/f4bf8f1458394ec19edfcd9c5faa6d95.image"
                          output-url="file:/C:/DITA_sandbox/obj/html5/output/f4bf8f1458394ec19edfcd9c5faa6d95.image"
                          id="d466e124"/>
   <gmap:graphic-map-item input-url="file:/C:/DITA_sandbox/core.build.tools.docs/src/src/splash/7f067e8785c0446eac3cbf9e9cf01c5d.image"
                          output-url="file:/C:/DITA_sandbox/obj/html5/output/7f067e8785c0446eac3cbf9e9cf01c5d.image"
                          id="d466e125"/>
</gmap:graphic-map>