{"titleBoost": 4, "shortdescBoost": 2, "searchTopics": [
{"file": "9b605d096887459c9c2200e434471cc9.html",
"titleSearchText": "Welcome to BUILD Help",
"shortdescSearchText": "",
"bodySearchText": "Getting Started Topics Create BUILD User The first time you access need to sign up It s free and easy do is determined by your administrator You may have limited some features until admin sets permissions for Admin Console console allows the Administrator manage users domains view audit logs View Audit Log Admins can use download user log files Manage Users Administrators delete assign roles Set Domain Access add each domain from these then be assigned Project Projects Research Studies research module lets quickly create share studies gather detailed feedback colleagues or end about images project pages interactive HTML prototype applications Prototyping Interface Editor includes UI which enables easily prototypes wireframes select through mockups application Data Models In modify data models organize elements in projects"},
{"file": "4bc796d66b4d4c3a86c6ef719983d7b3.html",
"titleSearchText": "Get Started with BUILD",
"shortdescSearchText": "You made a smart choice to use BUILD as your prototyping tool",
"bodySearchText": "There are a few tasks you need to complete before can get up and running using BUILD I bet t wait You just create user for yourself maybe add profile picture of your pup administrator will take care permissions as needed"},
{"file": "4034a659577d4d5fa725af4c3525eb2d.html",
"titleSearchText": "What is BUILD",
"shortdescSearchText": "BUILD is a collaborative design tool that enables non technical users to create interactive prototypes with realistic sample data making it easier capture more accurate user feedback and jump start development all while incorporating Drive SAP capabilities for research directly in",
"bodySearchText": "BUILD consolidates design tools and best practices from the perspective of both development It enables non technical users such as UX designers business analysts product owners to create application prototypes using intuitive drag drop UI composition addresses key front end pain points by reducing process resource requirements limiting high cost dramatically improving collaboration between at all stages implementation are rich HTML5 applications that run responsively on any device can optionally be equipped with various enterprise services The ability plug in user interface libraries generation different frameworks Angular OpenUI5 features include Editor generate creating interfaces reusable components interactions rules without writing a single line code User research collect feedback colleagues ensure they build want Analytics analytic capture quantitative data provide stakeholders continuous detailed understanding behavior preferences Data modeling facilitates binding used practice traditional bottom up where use new or existing model generates based In addition supports pre defined templates SAP Collaboration for share information ideas quickly efficiently each other context task hand Project management project set manage teams projects shared assets level Technology independence plugging control Widgets custom HTML controls so Jumpstart import prototype Web IDE productize it After is complete reviewed specification Administration Administrators customize platform example specifying supported connecting backend systems All help videos located Help Page accessible menu Check out YouTube Channel tutorials"},
{"file": "22d521ddbd854816b8ccb0f0c6a1de34.html",
"titleSearchText": "Create BUILD User",
"shortdescSearchText": "The first time you access BUILD need to sign up It s free and easy do User is determined by your administrator You may have limited some features until admin sets permissions for",
"bodySearchText": "Select Join on the BUILD Sign In page Enter a name that you want your team members to see This is screen valid email address needs verify password access You can change later Your must be 6 40 characters long and include any combination of 3 following Uppercase letters Lowercase Numbers sign in start using Check for Welcome message If do not receive one check spam folder an from reply sap com still don t under Contact Info Profile after select Resend verification Open link account now activated The Getting Started displays when first includes videos get quickly started this displayed next time Don show again box at bottom help button"},
{"file": "ff3b78d534e64823a40115440fa7b74c.html",
"titleSearchText": "Set Your Profile",
"shortdescSearchText": "You can add contact information your photo and change password on the Profile page also resend verification email if you did not receive it",
"bodySearchText": "When you first sign up to BUILD your initials appear in a circle on the top right To change profile Select then select Profile from menu Your user name and email already Contact Info Change or if needed opt out of emails Opt check box add photo Upload Photo upload one computer Drag magnification bar zoom reposition are finished be sure Crop use The is updated page password Password make appropriate changes with Save should now display"},
{"file": "aebea8d795a243a2bf086eb4f9702873.html",
"titleSearchText": "Projects",
"shortdescSearchText": "",
"bodySearchText": "You can create multiple projects in BUILD In each project you invite other colleagues to become contributing team members and user research studies specific the Currently supports only Google Chrome on Windows Mac OS"},
{"file": "cd39ba0241a14201b5eac4fa514c6d9b.html",
"titleSearchText": "Create Projects",
"shortdescSearchText": "When you use BUILD are always working on a project You can create multiple projects in In each invite other colleagues to become contributing team members and user research studies specific the",
"bodySearchText": "You must have created a BUILD account and logged on to before you can create project Select the new link or New Project Home page A tile is displayed your The not available if previously become team member of another Enter name for press keyboard in section Crown icon indicates that are owner this display opened automatically user Team On research studies invite collegaues join In addition navigate through application by Selecting button return home Research view Files upload files Settings change s settings"},
{"file": "f7ce9fba7a79424d8ab09e08679dec46.html",
"titleSearchText": "Add a Project Picture",
"shortdescSearchText": "The project owner you can display a picture on the tile Adding unique to each of your tiles makes it easier identify at glance",
"bodySearchText": "You select the project picture from images you have uploaded to can upload on UI Composer Research page and Files Select tile Home open Settings Project Picture SELECT IMAGE image want as a The is displayed All invited members also see"},
{"file": "acd4be6268bf4517b94c175c44f92f2a.html",
"titleSearchText": "Archive Projects",
"shortdescSearchText": "The owner of a project can archive and unarchive on the Settings page It is not possible to modify archived projects",
"bodySearchText": "Only the project owner can archive a Projects cannot be archived by members To you select tile and do following On Project page Settings Under I want to checkbox then Archive unarchive on Unarchive"},
{"file": "9cefe17d8669496bb7761b6039d45b77.html",
"titleSearchText": "Project Teams",
"shortdescSearchText": "You can create a team for your project by inviting colleagues to collaborate as members The member of are displayed in the Project Team section page projects s owner is identified crown icon also be invited become other BUILD users",
"bodySearchText": "Team members invited to a project can do everything in that the BUILD user who created except delete or archive If you are following Create research studies and view responses all View add files from Files folder Invite additional colleagues become team of"},
{"file": "7f8e18a64838478e92157c2e9980aecb.html",
"titleSearchText": "Inviting Team Members",
"shortdescSearchText": "You can invite your colleagues to join a project you created or projects are team member of",
"bodySearchText": "On the Home page select tile for project The Project is displayed Under Team Add People button ADD PEOPLE dialog Enter email address of a colleague and added to LIST OF INVITEES section You can invite more colleagues by entering an selecting each Select Send Invite Colleagues you join are sent inviting them For information on accepting invitations see Accept Invitation If invited BUILD link invitation your"},
{"file": "ace392f57eea411c8cecc43fac48de4c.html",
"titleSearchText": "Accepting an Invitation",
"shortdescSearchText": "You are invited to join BUILD projects via email or a link on your home page do not have prevsiouly had account because you can create one The project is automatically displayed Home In addition an avatar with name in the Project Team section which all team members see",
"bodySearchText": "If you are invited to join a BUILD project link the invitation is displayed on your Home page In addition receive an email with if have not opted out from receiving notifications Select in or of select Accept account that uses address were using automatically do Sign Up displays Enter details and when log tile dispalyed"},
{"file": "11f21057c4dc4c35b603ce1801bb4338.html",
"titleSearchText": "Accept an Invitation",
"shortdescSearchText": "If you are invited to join a BUILD project link the invitation is displayed on your Home page",
"bodySearchText": "They must have a BUILD account to become member The email they are sent contains link the project or if do not displays Sign Up page Notification of invitation join is displayed on Home You select Show view Accept you team As same rights as owner except cannot archive automatically your In addition an avatar with name in Project Team secton which all members can see"},
{"file": "15ec191840a3431db95f2e64653fd2c6.html",
"titleSearchText": "Changing Project Owners",
"shortdescSearchText": "The current owner of a project can make any member an Only owners archive projects",
"bodySearchText": "On the Home page select project tile of you want to change ownership The Project is displayed An avatar for each team member with their name below in Team section Notice crown icon on your In drag and drop from avartar onto another s make them owner"},
{"file": "a425c98658cb4eb6a601ac6dc17c5fe8.html",
"titleSearchText": "Project Files",
"shortdescSearchText": "You can upload image document and media files Brian I changed to Files since that is what the UI says now Should we include HTML prototype here too Does it need a separate topic m referencing your instructions from composer you require for project folder In addition documents user research studies are automatically added",
"bodySearchText": "You can view project files in the following tabs on Files page by selecting button navigation bar your Everything displays image document and media uploaded to Images or a user research study created use images with JPG JPEG PNG BMP converted GIF PICT PCT PIC file extensions Documents documents for example PPT PPTX PDF XL HTML Media Archives prototypes ZIP"},
{"file": "36a8f8e406434fcc983ec219a6786f3a.html",
"titleSearchText": "Upload Files",
"shortdescSearchText": "Files are added to the project folder if you upload them directly from page or add prototype application user research studies",
"bodySearchText": "One the Home page select project tile of you want to upload files The Project is displayed Select Files button navigation bar Upload Browse and Open You can alternatively drag drop onto them uploaded are on All documents in folder if Everything tab selected filter by selecting Images or Documents Media tabs"},
{"file": "821343eec86945f0b01980286f1fcdb2.html",
"titleSearchText": "Create Prototype Pages",
"shortdescSearchText": "Create realistic and interactive protoype pages with the BUILD Then you can add UI controls to make your prototypes",
"bodySearchText": "This section gives an overview of the User Interface Editor UI Controls Adding pages and using Web IDE"},
{"file": "5b0e553faf4b4d8282d5d4df64409c19.html",
"titleSearchText": "User Interface Editor",
"shortdescSearchText": "BUILD includes the User Interface UI Editor which enables you to easily and quickly create interactive prototypes wireframes select through mockups for your application",
"bodySearchText": "Create prototypes using images or HTML you can upload to BUILD Prototypes include interactive functions and actions be linked a data model are easily shared for feedback collaboration user research"},
{"file": "4c4c7aed7b874f02a220d42a6492e586.html",
"titleSearchText": "User Interface Editor Overview",
"shortdescSearchText": "The User Interface Editor includes various tools to enable you create realistic and interactive prototypes for your app",
"bodySearchText": "The following image shows the UI Editor tools with descriptions in table below Tool Description Navigation Sidebar leftmost navigation toolbar that includes icons to navigate Home Project Research Files and Settings Page Elements Displays pages elements a page such as images buttons links New button Select each expand its contents Here you can view rename add delete You also Assets Includes files assets uploaded from Drag drop these your canvas create prototype Data Access data editor models manually by importing Excel or searching Business Catalog for model Controls left map controls Open UI5 use when creating prototypes include list calendar more select library search specific documents upload BUILD modeling work bind load sample Toolbar main appears across top of Use it change on zoom fit device type share user study Preview see interactive Then go back Canvas center area where design own import customize Help Icon assistance icon access step instructions videos content help learn Control Properties Customize look feel Actions interactions"},
{"file": "dcc0659146af4d40a5c31850aa719fb4.html",
"titleSearchText": "UI Controls",
"shortdescSearchText": "BUILD includes the Open UI5 UI library controls in Editor Drag and drop to canvas apply properties actions customize their function",
"bodySearchText": "Check out the Open UI5 Developer Guide and Controls Reference for more information"},
{"file": "21031d4ec7d6400faac1810c73ca1d47.html",
"titleSearchText": "Page Map",
"shortdescSearchText": "View the Page Map from UI Editor or Project page The displays a map view for your project thumbnails and navigation are also represented in",
"bodySearchText": "To view the Page Map Select one of these methods icon from UI Editor toolbar on Project In View Home page indicated by thumbnails all pages in your project navigation green and gray arrows that are defined control properties Add New delete Delete key Prototype Pages a thumbnail to open it"},
{"file": "6ee08ced939c41228d9365e22c38fd8e.html",
"titleSearchText": "Add Pages and Controls",
"shortdescSearchText": "",
"bodySearchText": "You can create several types of prototype pages Add Blank Pages in the UI Editor to start creating your application add responsive for various platforms blank freestyle or pre defined template indicates an open canvas where you whatever like on Responsive build cross platform apps a page layout use formats phone table and desktop automatically place controls according format tablet"},
{"file": "207b4ad88b6e434e8abec9d2ea85b54c.html",
"titleSearchText": "Add Blank Pages",
"shortdescSearchText": "Add pages in the UI Editor to start creating your application You can add responsive for various platforms blank freestyle or pre defined template prototype create Blank indicates an open canvas where you whatever like on Shared content with Do conditional text and fix this later",
"bodySearchText": "Before you can start creating pages must first a new project for your application See Create Projects When use BUILD are always working on You create multiple projects in In each invite other colleagues to become contributing team members and user research studies specific the upload images or simply drag drop from computer If another member is editing page displays as Locked Editing finishes edit To add prototype Open Page Map select Add Blank box then open For details UI Editor tools see User Interface Overview The includes various enable realistic interactive prototypes app also one of these Responsive Build cross platform apps responsive layout platforms phone table desktop mix blank with Pages build formats automatically place controls according format tablet more information Use map view at top left rename delete Rename name example 1 enter Delete device All content that deleted undo button toolbar Select New either magnification icon resize canvas Adjust thesize by selecting Zoom Size Fit Width an image Drag uploaded Assets tab Upload using Files navigation bar added folder if them directly it Scaling properties right panel Preview preview Now begin adding Controls make library apply actions customize their function instructions"},
{"file": "a4a70da6daaf410793a3b190af715e06.html",
"titleSearchText": "Add Responsive Pages",
"shortdescSearchText": "Add pages in the UI Editor to start creating your application responsive build cross platform apps a page layout for use on various formats phone table and desktop Responsive automatically place controls according format tablet",
"bodySearchText": "Before you can start creating pages must first a new project for your application See Create Projects When use BUILD are always working on You create multiple projects in In each invite other colleagues to become contributing team members and user research studies specific the upload images or simply drag drop from computer If another member is editing page displays as Locked Editing finishes edit To add responsive Open Page Map select Add Responsive box then open For details UI Editor tools see User Interface Overview The includes various enable realistic interactive prototypes app also one of these Blank Starting with blank ideal freestyle prototyping mix prototype Pages platforms pre defined template indicates an canvas where whatever like more information Use map view at top left rename delete Rename name example 1 enter Delete device All content that deleted undo button toolbar Select New either magnification icon resize Zoom Size Fit Width change size prefer image Drag uploaded Assets tab Upload using Files navigation bar added folder if them directly it Scaling properties right panel Customize headers footers scrolling under Properties Children controls need phone tablet desktop icons preview format"},
{"file": "55122dc79fa344958b982eb98f21ef2e.html",
"titleSearchText": "Add Controls",
"shortdescSearchText": "Use the UI library controls in Editor to make prototypes interactive Drag and drop canvas apply properties actions customize their function",
"bodySearchText": "Before you can add UI controls to a prototype be sure have an image on page in the Editor To your prototypes Open and one of pages Select control from Controls tab left Drag onto canvas place it For example select Button or Hotspot With still selected change Properties Actions displayed right how element looks properties meet requirements what does when user selects want interact Check out UI5 Developer Guide Reference for more information Preview button toolbar preview test interactions Previewing displays as users will see them buttons other they respond return Publish Prototype If publish share with team collaboration icon Then URL others Create Study create study get feedback Add name description Go Research See User Studies In project new research give You images then questions about those participants answer HTML tasks complete using generate link which send third parties by email details creating studies"},
{"file": "c076a332263d418b9c1f5e1403f4e2c3.html",
"titleSearchText": "Publish Prototype",
"shortdescSearchText": "You can publish a prototype at any time and share it with others This creates snapshot of the design",
"bodySearchText": "From the Prototype page Select Publish icon in toolbar A shareable link displays with a specific URL address Project Copy and share others via email"},
{"file": "aef003c53d78405da2568426321d0adc.html",
"titleSearchText": "Web IDE",
"shortdescSearchText": "SAP Web IDE is a web based tool that enables you to create and extend end user applications for browser mobile devices",
"bodySearchText": "Web IDE simplifies the end to application life cycle prototyping development packaging deployment and customer extensions for SAPUI5 applications Use collaborate with business experts designers fulfill user requirements expectations more effectively"},
{"file": "1dc97d8e83454fe593cd076de414d818.html",
"titleSearchText": "Extend Prototypes with SAP Web IDE",
"shortdescSearchText": "SAP Web IDE is a web based tool that enables you to create and extend end user applications for browser mobile devices It simplifies the application life cycle prototyping development packaging deployment customer extensions SAPUI5",
"bodySearchText": "Before working in Web IDE you must first Create a prototype the BUILD application Depending on what type of pages add to your see following sections for more information Add Blank Pages UI Editor start creating You can responsive various platforms blank freestyle or pre defined template create indicates an open canvas where whatever like Publish See Prototype publish at any time and share it with others This creates snapshot design Import Smart Template Excel file into Data find this here Github Set Run Configurations To use prototypes set run configurations For using SAP HANA Cloud Documentation Open HCP link provided by Enable plugin Select Tools Preferences Under Plugins Optional select under Plugin Repository Then Save From Home page File New menu Project from On Selection Build then Next Enter Name The project name letter underscore contain letters numbers periods underscores not end period System source available"},
{"file": "b05394b2804646fb999235e872e92f34.html",
"titleSearchText": "Run Prototype in Web IDE",
"shortdescSearchText": "To use Web IDE with BUILD prototypes you must first set run configurations in",
"bodySearchText": "To set run configurations In Web IDE select Run Configurations and Select New Configuration create a type Application Uncheck the Open with Frame option Save You can now preview prototype applications after authentication through Cloud ID services because this launches application without test frame"},
{"file": "826edca4a27f417aa944f45d97632eca.html",
"titleSearchText": "Data Models and the Editor",
"shortdescSearchText": "In BUILD you can create and modify data models to organize elements in your projects",
"bodySearchText": "The Data Editor displays objects graphically on the screen Drag and their relations directly in You can add one or several manually from a business catalog an Excel file"},
{"file": "8b4c638aaa2f4dada7360a41368cdf55.html",
"titleSearchText": "Access the Data Editor",
"shortdescSearchText": "This topic describes how to access the Data Editor",
"bodySearchText": "You need to create a project before accessing the Data Editor Do one of following If you are creating new select Page Map then Add on Blank tile already have go directly first page your In next screen The in application displays three tabs Select tab Under"},
{"file": "c0b4d52243c84c8f96d068157ac4e317.html",
"titleSearchText": "Add Objects to a Data Model Manually",
"shortdescSearchText": "This section describes how to add objects a data model manually",
"bodySearchText": "You are in the Data Editor Select Add Objects icon then select Manually from menu Type name of new object All changes to your data model saved automatically can drag objects various locations page After you add must properties and create relations between"},
{"file": "2cae8a4e5b31463caa17bb8da9ee6ab4.html",
"titleSearchText": "Relations Between Two Objects",
"shortdescSearchText": "You create relations from a selected object to target",
"bodySearchText": "For a given object relation is defined with Name Target Cardinality A foreign key added to the in BUILD model materialize links between data of part can be specified as Read only or write unidirectional but you specify two relations opposite directions objects You create 1 n from an target B multiple same that self pointing In ways By manually drawing line linking using Add New Relation button under Relations tab side pane Default values are DefaultName Current Object The default modified name must obey following rules maximum length 40 characters first character letter underscore Subsequent alphanumeric No spaces allowed may not another"},
{"file": "888443ab71914d69b33f7dc2b83ecb7f.html",
"titleSearchText": "Create Relations Between Objects",
"shortdescSearchText": "After you add objects to the data model must create relations between",
"bodySearchText": "In the Data Editor select object that you want to create a relation from right side panel Relations then New Relation Type name for Select target dropdown list and cardinality 1 or n The appears in data model like this You can also blue circle on corner of drag arrow another between objects"},
{"file": "d0df71648c624df6888df90adef9017f.html",
"titleSearchText": "Edit a Relation",
"shortdescSearchText": "You can edit a relation from the Relations tab in right side panel of Data Editor",
"bodySearchText": "Under the Relations tab select relation that you want to edit In Info dialog box make required changes You can following Name Target object Cardinality Read write status also view name of foreign key used in model manage relationships between instances two objects"},
{"file": "a7a38ff657d742b88e472eef35679535.html",
"titleSearchText": "Rules for the Object Name",
"shortdescSearchText": "You need to observe several rules when naming objects",
"bodySearchText": "The maximum length 40 characters first character must be an alphabetical or underscore Subsequent underscores No spaces are allowed object name may not the same as another in data model Some names such C R which Excel reserved"},
{"file": "f81667ffefdd457cbfcc6ab467767631.html",
"titleSearchText": "Add Objects by Search",
"shortdescSearchText": "You can add objects from business catalogs by using the Search feature",
"bodySearchText": "From the data model select search link or Add Search from list In for Data Objects screen type name of object catalog that you are searching Select one objects found in business next what want to add You can just and its relations If import children"},
{"file": "a24ab97bac464838be931ac9ea0f00e9.html",
"titleSearchText": "Add Objects from Excel",
"shortdescSearchText": "You can add objects or an entire data model from Excel spreadsheet",
"bodySearchText": "In the Data Editor Select Add From Excel from menu Browse to locate and select file you want import The objects their properties are displayed in You can then add delete or edit as well more manually search BUILD provides sample files help create data models"},
{"file": "505c95b8c8354630929fe772478daadf.html",
"titleSearchText": "Rules for Adding Objects or Importing from a Spreadsheet",
"shortdescSearchText": "When adding objects or importing via Excel you need to respect these following rules",
"bodySearchText": "Foreign Keys and Mapping Table Rule Error Message An object must have one property column named ID Object name You need There can be only The first of the A file cannot contain both foreign keys mapping tables relation either 1 N or Invalid cardinality for content unique may not null empty shall t IDs referenced in exist model Excel table value entity doesn Only required syntax is from Relation to key Please check two objects existing example target imported Key does current that contains depending on a type n identified as this an Whatever its source From To columns In sheet format all cells apart data area itself x rows no random text around No allowed modify your Rules Adding Objects order names properties relations valid you respect following rules maximum length 40 characters Names more than character letter underscore alphabetic Subsequent letters numbers case spaces before after last white are removed during import process toto becomes next alphanumeric same between duplicated use duplicate Property already exists added Data Model Import Samples Every sample available X When importing structure exactly with well if any Properties Relations identical those"},
{"file": "fe036c222d8d4246ab462fcda420678f.html",
"titleSearchText": "Use Sample Files to Create a Data Model",
"shortdescSearchText": "BUILD provides you with sample Excel files to help create data models from a spreadsheet",
"bodySearchText": "You can access the sample data at following URL https github com SAP BUILD User Assistance tree master Sample 20Data 20Model 20XL 20files The files are in branch Before logging on you may need to create a GitHub http www account Formats use one of three formats model from an Excel Table using mapping table recommended foreign keys sheet alternative useful when exporting transactional system such as ERP CRM and so Reference Data Model 4 Objects their Relations provides samples each supported format for this reference SampleModel 4Objects Tables MappingTables xlsx ForeignKeys Sheets with 2 Unique Relation example file preferred 2Objects Only but single 2Objects2Relations About Cardinality supports relations cardinality 1 n that is In deduced will be if some elements source Object mapped multiple target all element key column stores If Source Target"},
{"file": "3d344c644c51422fb83fe6233d316acd.html",
"titleSearchText": "Add Properties to an Object",
"shortdescSearchText": "Add properties to an object from the right side panel in Data Editor",
"bodySearchText": "In the Data Editor select Properties in right side panel Select New Property then type name of property field Make sure that you follow naming rules The maximum length is 40 characters first character must be a letter or an underscore Subsequent alphanumeric No spaces are allowed different from names other properties object list standard values String default value Numeric Date To display more advanced types Show"},
{"file": "dc6dc55e53324f93b78920562c31eae9.html",
"titleSearchText": "Create a Calculated Property",
"shortdescSearchText": "BUILD allows you to specify a formula for property This is calculated",
"bodySearchText": "In the Data Editor select Properties in right side panel Select New Property DefaultName field type a property name Then from dropdown list The of new cannot contain spaces Formula tab Create drag formula elements Value Operator and if needed Condition to area below values for each element an object model one its properties Enter value this operator Arithmetic operators Comparison Logical And Or IS NULL conditions syntax Three sections IF THEN ELSE are automatically added canvas You can specify nested If is valid displayed it not error message appears"},
{"file": "90c73651dd2d4d5a9a57868c266c506b.html",
"titleSearchText": "Editing Data Under the Samples Tab",
"shortdescSearchText": "BUILD allows you to modify data by editing it directly in the application or importing exporting files and from an Excel spreadsheet These actions are performed under Samples tab",
"bodySearchText": ""},
{"file": "0c65bdb63e634bc29165ec037ee108f8.html",
"titleSearchText": "Editing Data in the Modeler",
"shortdescSearchText": "You can edit data in the Data Editor using Samples tab",
"bodySearchText": "From the Data Editor select object you want to edit then Open Make changes in table cells or header If necessary plus sign upper left of add new rows When are finished with OK"},
{"file": "0152b6f646ae44938ee15baa257d05d7.html",
"titleSearchText": "Importing and Exporting Sample Data",
"shortdescSearchText": "BUILD allows you to import data for existing objects and export models a spreadsheet from the Samples tab",
"bodySearchText": "Importing When importing you can either drag a file from your local drive or browse to choose You import one of three formats Data sheet with foreign keys Table mapping table The structure the that must correspond exactly data model in BUILD is objects their properties and relations Exporting exporting Excel takes name project always tables export selected object entire also select Relations Tables which means are identified by If do not"},
{"file": "85b8e56746b94fdc80849a972590edac.html",
"titleSearchText": "Example Workflows",
"shortdescSearchText": "The following are example workflows",
"bodySearchText": "Example Manually Adding an Object to a Data Model You have generated data model from Excel file and now you want add object manually Properties In this example properties the that just created can in your Exporting Modified previous workflows modified workflow export"},
{"file": "3fd6a823780d46f59d24dfeae55d4666.html",
"titleSearchText": "Example Manually Adding an Object to a Data Model",
"shortdescSearchText": "You have generated a data model from an Excel file and now you want to add object manually",
"bodySearchText": "This is your canvas before you add the object In data model select plus icon and Manually from list The new appears on with a default name Object1 Type for in this example Supplier Drag to right side of Data Editor align that want create relation Place cursor blue circle at corner Product drag line which creates connection You have type 1 so need change cardinality Select then Relations tab n next SupplierSet Under Info set"},
{"file": "3fd1a48d6b2848b0861dcde3e72fdfa3.html",
"titleSearchText": "Example Adding Properties to an Object",
"shortdescSearchText": "In this example you add properties to the object that have just created",
"bodySearchText": "We ll add two properties SupplierName and EmailAddress to the Supplier object of data model Select that you want a property in this case Product then select Properties tab New Property below list Type name for type String Add another leave as The new appear your"},
{"file": "e3164fb93adc4c59af431aed773129b7.html",
"titleSearchText": "Example Manually Adding Data",
"shortdescSearchText": "You can add data to an object in your model manually",
"bodySearchText": "In this example you add data to the Supplier object that created in previous workflow Select then Samples tab Open Editor editor name of is at top page plus sign below This adds a line table Notice properties appear column headers ID SupplierName and EmailAddress Type information S1 for One Bob com OK You have added your are ready export it"},
{"file": "fbe04e60402c475c9dbe488338b00f51.html",
"titleSearchText": "Example Exporting a Modified Model",
"shortdescSearchText": "In the previous example workflows you have modified data in an object this workflow export model to Excel",
"bodySearchText": "With your modified model open select Samples Export Select Data Model to export the entire Leave default value Relations with Tables selected in order keep structure of data its mapping tables The is downloaded location on computer When you spreadsheet can see object that added Supplier properties and ID SupplierName EmailAddress"},
{"file": "bc00a4be620646caabea0f24bb8f178f.html",
"titleSearchText": "User Research Studies",
"shortdescSearchText": "The BUILD user research module lets you to quickly create and share studies gather detailed feedback from colleagues or end users about images project pages interactive HTML prototype applications",
"bodySearchText": "To start you create a new study give it name and then add images or HTML prototypes to You enter questions be answered about each image tasks for participants complete on Then publish the generate link which can send third parties by email When click opens in their browser If they don t have BUILD account Sign Up page is displayed Once option keep responses anonymous As project team members view Research almost immediately rect 239 27 421 112 Create Projects use are always working multiple projects In invite other colleagues become contributing user research studies specific 449 210 649 293 User Studies those answer using 451 404 626 488 Invite People Participate Publishing generates unique URL that people such as end users them participate your 266 610 452 699 particpate must receive creator member of The open respond attempt task opted out receiving notifications from tile I section select 71 407 246 494 74 211 252 295 View Analyze Responses soon A active Project was created within Therefore before For more information see Log Open Email"},
{"file": "6d92f5cf1d16402c9dec4fd511b96f67.html",
"titleSearchText": "Create User Research Studies",
"shortdescSearchText": "In a project you create new research study and give it name You add images to the then questions about those for participants answer can HTML prototypes tasks complete using Then publish generate link which send third parties by email",
"bodySearchText": "You must have created a project or be member of an existing in order create user research study On the Home page select tile The Project is displayed In Study Activity section NEW STUDY Name and Description dialog Tip Alternatively you can Research button on left panel Feeback which diplayed Enter name description for For more information see Guidelines Names Descriptions your to participants when they open link their browser should help understand what about why are being asked participate Select Save To add content engage with questions tasks Create task ask question drag image thumbnails re them Preview icon preview Previewing displays new tab exactly as will it answer images but answers not saved publish Publish A unique URL invite third parties by emailing this"},
{"file": "a59810d9d5844484b2c22c79f280fa9e.html",
"titleSearchText": "Create a Task",
"shortdescSearchText": "To add a task to study you upload an interactive prototype select Start and Target pages enter some guidance for users follow Study participants will interact with the based on user I HAVE FINISHED THIS TASK button when they have displayed page",
"bodySearchText": "To add a task to BUILD user research study you must have compressed ZIP HTML prototype application available base the on On Study page select Create tile The Select Prototype dialog is displayed Upload file containing your link browse for and Open If previously uploaded want use as basic radio button be used basis Next Enter name in Name Task text box any pages that do not include are deselected included thumbnail Define Roll over begin with Start assigned make target Target no it will possible participants fail In User guidance enter clear description of what required complete For example may describe which display or specific completed if Save Close created representing You can drag re order images tasks PUBLISH publish Alternatively another by selecting New question Question"},
{"file": "25dbf99cedb94d108645efa99946f39d.html",
"titleSearchText": "Ask a Question",
"shortdescSearchText": "You can add images to BUILD user research studies and ask questions about the",
"bodySearchText": "To add images and questions to a BUILD user research study you must first create the enter name description for For more information see Create User Research Studies In project new give it You then about those participants answer can HTML prototypes tasks complete using Then publish generate link which send third parties by email Select Ask question tile on Study page The Images dialog is displayed upload select Upload button browse want include in your are upoaded A thumbnail of each image Questions right hand panel Question text box specify how respond selecting one following options Answer through annotation only specifies that drop Annotation icons onto optionally comment with icon limit number annotations particpant Limit check entering maximum free an Participants also voluntarily comments multiple choice choose their responses from choices minimum two boxes additional Add Enable answers particpants than reponse if ask another this move next Next After have added at least quesiton Done created drag thumbnails re order Alternatively New or task Task"},
{"file": "d562b443cab1479db864348c035d5041.html",
"titleSearchText": "Guidelines for Study Names and Descriptions",
"shortdescSearchText": "The name and description of your user research study is displayed to participants when they open the link in their browser should help understand what about why are being asked participate",
"bodySearchText": "When you select Create A Study on the Research and Feedback page Name Description dialog is displayed The name to study participants so they can get an initial idea of what about You use up 40 characters for In user research studies design application could as general try avoid using abbreviations may cause confusion Sample Good Manage Payment Bad Blocks SFIN GLAP should write this description engage interest that are motivated complete all maximum number in a 300 Here sample adapt according your needs asked view images answer one or more questions each Based responses we will be able identify how improve our designs"},
{"file": "1b83a80c2aaf4ab9815074f24489eec2.html",
"titleSearchText": "Publish a Study",
"shortdescSearchText": "You publish a study to geneate unique link URL that you can send participants",
"bodySearchText": "Publish a study when you have added at least one image and question To publish the select PUBLISH A unique link URL is generated"},
{"file": "94de2230395c4f88bf39e019fd79b816.html",
"titleSearchText": "Invite People to Participate In User Research Studies",
"shortdescSearchText": "Publishing a research study generates unique URL that you email to people such as colleagues or end users invite them participate in your",
"bodySearchText": "When you have finished creating your study select the Publish button The is published and a unique link URL displayed On same page can invite users to participate in by entering an email address selecting ADD for each user You additional participants at any time on Participant Invitation To view this tile Research tab retrieve research For more information see Retrieve Study Links active after created"},
{"file": "b001f594c6eb4176a745dd8a5374e395.html",
"titleSearchText": "Retrieve Study Links",
"shortdescSearchText": "You can retrieve the study link for an active user research at any time after you have created a",
"bodySearchText": "To retieve a study link for user research do one of the following After you publish copy from Link to your text box on page displayed On Project select Get icon tile in Study Activity section Select Active tab Research and Feedback"},
{"file": "bf32249e397e48f892101bdf62c6d694.html",
"titleSearchText": "Participate in User Research Studies",
"shortdescSearchText": "To particpate in a BUILD user research study participants must receive by email unique link URL the creator or team member of project The open their browser respond to questions about each image and attempt complete task If you have opted out receiving notifications from tile for is displayed Studies I Participate In section on your Projects page select participate",
"bodySearchText": "You can participate in BUILD user research studies using Google Chrome on Windows and Mac OS To open the study email inviation copy unique link URL it your browser If you have opted out of eceiving notifications from click tile Studies I Participate In section Projects page The home for is displayed including name description displays do not select want to be kept anonymous check box associated with responses start responding Start Study first image or task question Answer questions as follows For that require answer through annotation only respond by selecting drop Annotation icons optionally enter a comment each icon move previous dropped edit comments text an provided also add additional multiple choice one more answers It may possible than reponse Display next Next when entered item Task dialog guidance about how complete tasks must interact prototype attempt User Guidance right hand penel Abandon button panel at any time quit provide feedback anytime Leave View Feedback dropping leave When finished providing Done completed HAVE FINISHED THIS TASK result side responded all Participants are now available creator other members project Active tab Research Project which was created"},
{"file": "ff3198099bf34e83a02aef250ad74309.html",
"titleSearchText": "View and Analyze Responses to User Research Studies",
"shortdescSearchText": "You can view participants responses to your research studies almost as soon they enter them A tile for each user study is displayed on the Research page active Project of project in which was created",
"bodySearchText": "This diagram shows how responses from research study participants and statistics about their are provided rect 34 162 145 271 Overview of Responses to User Research Studies The tab on the Results page active or archived user studies provides a summary high level quantiative 195 156 308 273 You can view your almost as soon they enter them A tile for each is displayed Project project in which was created 363 20 473 100 365 117 474 196 Tasks Questions task question detailed by selecting thumbnail images 210 475 294 Participants Page 310 390 Settings owner pause archive restart paused at anytime 535 22 643 102 High Level Statistics tasks result 122 198 questions with text answer multiple choice answers annotations comments 533 212 645 293 536 306 393 701 16 811 48 Task On you display 704 56 88 Prototype 700 97 813 134 143 812 176 Detailed image default select 233 810 702 333 815 368"},
{"file": "57a330a97a9c46768dad0eac09533993.html",
"titleSearchText": "Responses on the Research Page",
"shortdescSearchText": "On the Research page you can display tiles for all Active Draft or Archived user research studies in project by selecting relevant tab",
"bodySearchText": "Active tab statistics about user research studies and responses to them are available if the study is active From this it possible for participants respond Draft draft that have been created but not yet published They can still be modified before publication won t contain any participant Archived viewed once archived It no longer archive unless restarted You view displayed on or select tile a analyze Then you also display following of Overview Tasks Questions Participants Participant Invitation Settings"},
{"file": "8ab24e480a68476f800648582eaabf43.html",
"titleSearchText": "Overview of Responses to User Research Studies",
"shortdescSearchText": "The Overview tab on the Results page of active or archived user research studies provides a summary high level quantiative statistics about responses to study",
"bodySearchText": "Fig 5 4 2 The Overview tab Icons on the Icon Description Statistics about Total Number of Responses 100 Completed Studies participants in study Average time spent positive sentiments neutral negative annotations dropped comments entered studies completed Most a Least"},
{"file": "fa1a3193c6f443fd8d862158495fc406.html",
"titleSearchText": "Responses to Tasks and Questions",
"shortdescSearchText": "The Tasks and Questions tab on the Results page of active or archived studies provides high level statistics about participants responses to each task question in study You can view detailed by selecting thumbnail images",
"bodySearchText": "Fig 4 3 1 Tasks and Questions tab"},
{"file": "39cc06a344764033ab879da1628628b2.html",
"titleSearchText": "High Level Statistics about Tasks",
"shortdescSearchText": "High level statistics about tasks in a study are displayed on the Tasks and Questions tab result page of active or archived",
"bodySearchText": "Fig 5 4 3 1 Tasks and Questions tab Icons for High Level Statistics about Description Number of participants who attempted the task Average time spent on number pages which made selections completed correctly particpants incorrectly abandoned before it was complete"},
{"file": "ad4ae2e9205e4b02b6055ceba5b495ab.html",
"titleSearchText": "High level Statistics About Questions",
"shortdescSearchText": "High level statistics about questions with a text answer multiple choice answers and in annotations comments study are displayed on the Tasks Questions tab",
"bodySearchText": "Fig 5 4 3 2 1 Tasks and Questions tab Icons for High level Statistics about in Studies Icon Description Free text Form Question Multiple Choce with Annotation Commnets Number of participants who attempted the task annotations dropped on image comments entered Thumbnail You can select thumbnail to view responses question each multiple choice options selected The percentage which option was positive sentiments neutral negative"},
{"file": "efeed3d454c5458ca58f5aa25c627cf4.html",
"titleSearchText": "Detailed Statistics about Tasks",
"shortdescSearchText": "On the Results page of your study you can display participants responses to a task in by selecting thumbnail on Tasks and Questions tab",
"bodySearchText": "Fig 5 4 3 1 Detailed Statistics about tasks The following tabs can be displayed for a task Task Overview tab of the participants responses to displays statistics and detailed Prototype fully interactive prototype upon which was based each page overall information who attempted complete You export question data by selecting Export Question Data link on this"},
{"file": "3b12bd8de7cc4fa680ebadaf1c466bee.html",
"titleSearchText": "Task Overview",
"shortdescSearchText": "The Task Overview tab of the participants responses to a task displays statistics about and detailed",
"bodySearchText": "Fig 5 4 3 1 Detailed Statistics about Tasks Task Overview Icon Description of participants who completed the task correctly particpants incorrectly abandoned before it was complete Thumbnail page A thumbnail is displayed to represent each prototype in Select a display at that For more information see Prototype The tab displays fully interactive upon which based and responses overall Number visited this Average amount time annotation icons dropped on lower position identified as correct final for comments entered sentiments were positive neutral negative"},
{"file": "73c63ec80ff34c839d89dcc6bf8a38c7.html",
"titleSearchText": "Prototype",
"shortdescSearchText": "The Prototype tab displays the fully interactive prototype upon which task was based and participants responses to each page of overall",
"bodySearchText": "Fig 5 4 3 1 Prototype The tab displays the fully interactive prototype upon which task was based and participants responses to each page of overall You can do following on Select Show Annotations button View all annotations icons dropped fades significantly so that you view annotation more easily comments entered about this in COMMENTS right hand panel In addition filter by sentiment Heatmap show a heatmap represents frequency location user selection currently displayed Interact with navigating through using prototypes itself or selecting PREVIOUS NEXT side"},
{"file": "b645fd069b5f46c7838c83b648dafb5e.html",
"titleSearchText": "Statistics",
"shortdescSearchText": "The Statistics tab displays overall statistics about a task and information participants who attempted to complete the You can export question data by selecting Export Question Data link on this page",
"bodySearchText": "Fig 5 4 3 1 The Statistics tab Icons for Overall About a Task Icon Description Number of participants who attempted the task Average amount time displayed each page number pages made selections on least taken by participant to complete most completed correctly particpants incorrectly abandoned before it was in lower position no identified this as correct final annotation icons dropped comments entered about sentiments that were positive neutral negative Breakdown Participants Attempts Complete Column Participant Displays name Result whether or not Pages Visited visited Total Duration spent Annotation Comments"},
{"file": "2dd738ada2ba44a6a46e75bad453cdcb.html",
"titleSearchText": "Page Flow",
"shortdescSearchText": "The Page Flow page shows the order in which each study participant displayed pages prototype while attempting to complete task",
"bodySearchText": "The relative thickness of the lines that link pages indicates proportion participants who moved between those For example in image more checkout html and payment than submit order"},
{"file": "8414cbb9bb27400283704e1b73cc26f3.html",
"titleSearchText": "Detailed Statistics about Questions",
"shortdescSearchText": "You can view the responses to and statistics about questions in studies by selecting thumbnail image for on Tasks Questions tab The Page Overview is displayed default select Statistics display question",
"bodySearchText": "Fig 5 4 3 1 Overview of Responses to Individual Multiple Choice Questions 2 Free Text Form Annotation Based Page Tab Question Type tab The Results in the right hand side panel displays percentages responses participants selected for each choice Comments comments entered about this question If you select a comment line is displayed connecting icon which it was On can filter by sentiment particiapants Statistics 6 Icons About Icon Description Number who answered Average amount time annotation icons dropped on page sentiments that were positive neutral negative Participant Breakdown s interaction with Colum PARTICIPANT Specifies participant name if has not I want be kept anonymous check box study TIME ON PAGE Specifes paticipant spent ANNOTATIONS number annotations"},
{"file": "1b35239af75a4cbd93d503c93f7b91dd.html",
"titleSearchText": "Participants Page",
"shortdescSearchText": "",
"bodySearchText": "Icons for Statistics About Individual Questions Icon Description Number of participants who participated in the study Average amount time spent taking Total number annotation icons dropped on images and prototype pages by all comments entered questions attemped tasks attempted Participant Breakdown about each s interaction with this page Column PARTICIPANT Specifies participant name if did not selected I want to be kept anonymous check box TIME ON PAGE Specifes paticipants TASK COMPLETED total completed QUESTION answere ANNOTATIONS annotations that COMMENTS"},
{"file": "528af720f5a643cba061e6795199e7dc.html",
"titleSearchText": "Participant Invitation Page",
"shortdescSearchText": "You can invite additional participants at any time from the Participant Invitation page To view this select study tile on Research and Inviation tab",
"bodySearchText": ""},
{"file": "ac63e51755294386ba9ae06542b6329f.html",
"titleSearchText": "Settings",
"shortdescSearchText": "The project owner can pause or archive research studies restart paused archived at anytime",
"bodySearchText": "When a study is created it automatically active Active studies are displayed on the Research page and Project Pausing Studies Once you have paused Archive Restart buttons become available in research Settings tab It not possible to retrieve link for from participants can t enter responses Paused Archiving archived cannot Archived Feedback Restarting restarted retrive"},
{"file": "0827a919eb694e63ae668f2c332402f4.html",
"titleSearchText": "Pausing Studies",
"shortdescSearchText": "Project owners can pause a study at anytime",
"bodySearchText": "On the Home page select project tile that contains user research study Select Research button on navigation bar Active tab Settings I want to pause this check box and Selecting Pause results of The is paused Archive Restart buttons become available from It not possible retrieve link for studies participants can t respond Paused are displayed"},
{"file": "b240e19ad2b94752a6c51eeec29fd258.html",
"titleSearchText": "Archiving Studies",
"shortdescSearchText": "Project owners can archive paused studies at anytime",
"bodySearchText": "Select the project tile that contains user research study on Home page Settings Research I want to archive this ARCHIVE The is archived Archived studies are displayed from Archive tab"},
{"file": "358fc85da819432cb850700e65b6d04e.html",
"titleSearchText": "Restarting Studies",
"shortdescSearchText": "Project owners can restart paused or archived studies at anytime",
"bodySearchText": "Select the project tile that contains user research study on Home page Research navigation bar Settings I want to archive this RESTART The is now active again Active studies are displayed from tab"},
{"file": "200bbb40aa4f449a81440a4244e382c5.html",
"titleSearchText": "Get Started with Admin Console",
"shortdescSearchText": "As a BUILD Administrator you need to follow these initial steps before users can use the system You will receive Welcome email from SAP team with instructions on how get started as",
"bodySearchText": "To enable users to use the BUILD system Open Welcome email and select Activate Me create your Cloud Identity In also Set things up in Admin console After you log with page opens left sidebar Access toolbar on Verify that domain access is listed configured level for automatically Do not add domains such as gmail com or yahoo because this would allow all Gmail Yahoo Your need Full instead of Guest With Study Project Invitation Change levels new needed Select Users then user name make sure are set a Standard User if Send URL their they standard No additional admin changes necessary The allows manage view audit logs For more information about see Console Administrator"},
{"file": "d1a75c9af7cd4565aaa28fb7ed88b9b2.html",
"titleSearchText": "Admin Console",
"shortdescSearchText": "The BUILD Admin console allows the Administrator to manage users domains and view audit logs",
"bodySearchText": "Administrators can Manage Users BUILD use the Admin Console to view and delete users assign roles View Audit Log Admins download user audit log files Set Domain Access add domains permissions each domain from these then be assigned access Before anyone system need complete a few initial setup steps For more information see Get Started with As Administrator you follow before You will receive Welcome email SAP team instructions on how get started as"},
{"file": "0693592c3a614d85bb1a456a515be8be.html",
"titleSearchText": "View Audit Log",
"shortdescSearchText": "BUILD Admins can use the Admin Console to view and download user audit log files",
"bodySearchText": "To view and download audit log files On the left sidebar select Audit From calendar a date range Last 24 Hours 48 10 Days or Custom Select Download A file is generated in csv comma separated value Save it to your computer for details on user access permissions more"},
{"file": "1aa707dbf69b425fb9437703ef59b448.html",
"titleSearchText": "Manage Users",
"shortdescSearchText": "BUILD Administrators can use the Admin Console to view and delete users assign roles",
"bodySearchText": "Users and Roles To view users On the left sidebar select BUILD are displayed Change user using icons on top right side Select to summaries details search for a specific enter name or email address in box at their role Check appropriate OK Standard can create manage projects Guest only participate studies If you Administrator want access need assign yourself When change s from OR delete system automatically deletes all project teams owns study feedback associated with deleted Delete icon next summary detail Confirm this related then"},
{"file": "f310f001528e40f0abab71c9016a78b3.html",
"titleSearchText": "Set Domain Access",
"shortdescSearchText": "BUILD Administrators can add domains and assign roles permissions to each domain Users from these then be assigned access",
"bodySearchText": "To add a new domain On the left sidebar select Access The List is displayed first access to Admin Console default level set No Select New Domain BUILD and assign permissions Before you can domains for users must your own give it Full Then more Enter name in format domainname com example sap From dropdown You choose from following levels Level Permissions Users cannot at all Study Invitation Only study by invitation only as Guest user or Project project When usesr are invited they become Standard so collaborate on With sign URL also studies invitations sent them other have full features Repeat these steps want"},
{"file": "d786f2508b7440e1a8e7104613f30c19.html",
"titleSearchText": "Legal Notice About Fonts",
"shortdescSearchText": "This product ie BUILD makes use of the Roboto fontface Bower package authored by Christian Hoffmeister and made available through GtiHub under terms Apache Software License v 2 The is based on font Robertson Google Fonts see below",
"bodySearchText": "Apache License Version 2 0 January 2004 http www apache org licenses TERMS AND CONDITIONS FOR USE REPRODUCTION DISTRIBUTION Definitions shall mean the terms and conditions for use reproduction distribution as defined by Sections 1 through 9 of this document Licensor copyright owner or entity authorized that is granting Legal Entity union acting all other entities control are controlled under common with For purposes definition means i power direct indirect to cause direction management such whether contract otherwise ii ownership fifty percent 50 more outstanding shares iii beneficial You Your an individual exercising permissions granted Source form preferred making modifications including but not limited software source code documentation configuration files Object any resulting from mechanical transformation translation a compiled object generated conversions media types Work work authorship in made available indicated notice included attached example provided Appendix below Derivative Works based on derived which editorial revisions annotations elaborations represent whole original include works remain separable merely link bind name interfaces thereof Contribution version additions intentionally submitted inclusion submit behalf electronic verbal written communication sent its representatives mailing lists systems issue tracking managed purpose discussing improving excluding conspicuously marked designated writing Not Contributor whom has been received subsequently incorporated within Grant Copyright Subject each hereby grants perpetual worldwide non exclusive no charge royalty free irrevocable license reproduce prepare publicly display perform sublicense distribute Patent except stated section patent make have offer sell import transfer where applies only those claims licensable necessarily infringed their s alone combination was If institute litigation against cross claim counterclaim lawsuit alleging constitutes contributory infringement then terminate date filed Redistribution may copies medium without meet following must give recipients copy modified carry prominent notices stating changed retain trademark attribution do pertain part includes NOTICE text file readable contained at least one places distributed if along wherever third party normally appear The contents informational modify add own alongside addendum additional cannot be construed modifying statement provide different complies Submission Contributions Unless explicitly state Notwithstanding above nothing herein supersede separate agreement you executed regarding Trademarks This does grant permission trade names trademarks service marks product required reasonable customary describing origin reproducing content Disclaimer Warranty applicable law agreed provides AS IS BASIS WITHOUT WARRANTIES OR OF ANY KIND either express implied limitation warranties TITLE NON INFRINGEMENT MERCHANTABILITY FITNESS A PARTICULAR PURPOSE solely responsible determining appropriateness using redistributing assume risks associated exercise Limitation Liability In event legal theory tort negligence unless deliberate grossly negligent acts liable damages special incidental consequential character arising result out inability loss goodwill stoppage computer failure malfunction commercial losses even advised possibility Accepting Additional While choose fee acceptance support warranty indemnity liability obligations rights consistent However accepting act sole responsibility agree indemnify defend hold harmless incurred asserted reason your END"}]}